,Actors
1,Ami Ayalon
2,Valeriya Lanskaya
3,Andrew Divoff
4,Mike Maas
5,RaÃºl JuliÃ¡
6,Billy Connolly
7,Campbell Scott
8,Pierre Niney
9,Shari Albert
10,Michael Pitt
11,Sonny Bono
12,Martin Speer
13,Virginia Mayo
14,Adam Rayner
15,Neil Patrick Harris
16,Lon Chaney
17,Ralph Fiennes
18,Mannara Chopra
19,Jocelin Donahue
20,Orson Welles
21,Kim Rossi Stuart
22,Steven Bauer
23,Shane McDermott
24,Colin Farrell
25,Gemma Arterton
26,William Gillette
27,Kari Heiskanen
28,Hayley Orrantia
29,Trey Parker
30,Paul Michael LÃ©vesque
31,Bud Abbott
32,Mena Suvari
33,Riz Ahmed
34,Shabana Azmi
35,Linda Blair
36,Mads Mikkelsen
37,Francesc Colomer
38,Juliane KÃ¶hler
39,Jon Foster
40,Carla Gugino
41,Kelan Pannell
42,LudÄ›k Munzar
43,Micheal Catalano
44,Jerry Springer
45,Zachary Levi
46,Chadwick Boseman
47,Fransisco Arruda
48,Charlie Tahan
49,Marki Bey
50,Margaret Colin
51,Peter Dinklage
52,James Ransone
53,JoaquÃ_n Cosio
54,Gary Cooper
55,Stephen Nichols
56,Steve Guttenberg
57,Fabio De Luigi
58,Bill Maher
59,Johnny Yong Bosch
60,Emily Barclay
61,Basil Rathbone
62,Vladimir Mashkov
63,Olga Sutulova
64,Ingvar Eggert SigurÃ°sson
65,Maz Jobrani
66,Om Puri
67,Kurt Thomas
68,Fred Ward
69,Merle Oberon
70,Tom Payne
71,William Hurt
72,Angela Bettis
73,Grant Bardsley
74,John Mills
75,Barret Oliver
76,Jack Mulhall
77,Maren Ade
78,Kuno Becker
79,Morgan Spurlock
80,Zac Efron
81,Anthony Quinn
82,Nicolas Cage
83,George Clooney
84,Vern Stierman
85,Pete Postlethwaite
86,Shameik Moore
87,Stephen Lack
88,Michael Ealy
89,Al Gore
90,Denis Nikiforov
91,Joseph E. Murray
92,David Keith
93,Amanda Bynes
94,Alina Babak
95,Audie Murphy
96,Charles Grodin
97,Vishnu Vishal
98,Jamie Chung
99,Philip Seymour Hoffman
100,Maximilian Schell
101,Svetlana Khodchenkova
102,John Magaro
103,Benjamin Bratt
104,Dmitriy Sharakois
105,Ben Kingsley
106,Kim Hye-ja
107,Will Arnett
108,Madeline Carroll
109,Shailene Woodley
110,Christian Bale
111,Roma Downey
112,Hwang Jung-min
113,Silvio Berlusconi
114,Dulquer Salmaan
115,Heather Beers
116,"""Jack OConnell"""
117,Fumiyo Kohinata
118,James Spader
119,Ananda Everingham
120,Anessa Ramsey
121,Katie Jarvis
122,Andy GarcÃ_a
123,Patrick Warburton
124,Franka Potente
125,Jake Hoffman
126,"""Scott Carrot Top Thompson"""
127,Ulrich MÃ_he
128,Will Shortz
129,Varun Sandesh
130,Ashley Olsen
131,Blake Woodruff
132,Nikola RakoÄçeviÄ‡
133,Emilie de Ravin
134,Leonid Bichevin
135,Emo Philips
136,Martina Gedeck
137,Edith Meeks
138,Kevin Bernhardt
139,Naseeruddin Shah
140,Mabel Normand
141,Ajay Devgn
142,Lois Alexander
143,Michael Caton
144,Lisa Ann
145,Dominic Cooper
146,Susan Buice
147,C. Thomas Howell
148,Piper Laurie
149,Robert Stephens
150,Jeff Fahey
151,KÃ´ichi Hayashi
152,Arthur Hill
153,Jordan Peele
154,Nash Edgerton
155,Tomer Sisley
156,Aml Ameen
157,Toni Collette
158,Erin Cottrell
159,Matt Damon
160,Antonio Albanese
161,Trisha Todd
162,Alan King
163,Molly Shannon
164,Christopher Walken
165,Laura Camien
166,Elisabeth Shue
167,Shima Iwashita
168,Marlee Matlin
169,Mark Wahlberg
170,Xu Zheng
171,Zhao Benshan
172,Fred Williamson
173,Javed Sheikh
174,Alan Young
175,Larry the Cable Guy
176,John Gielgud
177,Veronica Taylor
178,Michael Angarano
179,Senta Berger
180,Gary Dourdan
181,Dax Shepard
182,Lil Dagover
183,Tsutomu Yamazaki
184,Danny McBride
185,Bruce Reitherman
186,Tom Burlinson
187,Bela Lugosi
188,Laurence Fishburne
189,Nicole Grimaudo
190,Thomas Horn
191,Kristina Asmus
192,Konstantin Khabenskiy
193,Keisha Castle-Hughes
194,Tom Everett Scott
195,Rica Matsumoto
196,Takehiro Murata
197,Barney Clark
198,Vladimir Ilin
199,Ice-T
200,Josh Duhamel
201,Robert Mitchum
202,Yosuke Eguchi
203,Hui Lou Chen
204,Melinda Clarke
205,Danny Elfman
206,Peter Falk
207,Shereef Akeel
208,Eric Stoltz
209,Simon Baker
210,Sid Haig
211,Fernando FernÃ¡n GÃ_mez
212,Kellan Lutz
213,Amy Sedaris
214,Steve Martin
215,Brian Bedford
216,Lewis MacDougall
217,Christopher Scott Cherot
218,Estella Warren
219,Sergei Bodrov Jr.
220,Dolly Read
221,Tyrese Gibson
222,Kevin Hart
223,Jason Clarke
224,Paul Hubschmid
225,Katie Holmes
226,Glen Campbell
227,Michael Shannon
228,Kevin Farley
229,SofÃ_a Espinosa
230,Ivo Pietzcker
231,Mark Hapka
232,Cameron Diaz
233,Simon Abkarian
234,Jason Yachanin
235,Leonid Kuravlyov
236,Vikram
237,Brad Davis
238,John Corbett
239,Melih SelÃ§uk
240,Julianne Hough
241,GÃ_neÅŸ Nezihe Å_ensoy
242,Derek Jacobi
243,Rob Corddry
244,Rutina Wesley
245,Jonathon Trent
246,Blake Lively
247,Hend Ayoub
248,Samuel Anderson
249,Irene Dunne
250,Harry Guardino
251,Romola Garai
252,Odette Annable
253,Adrian Titieni
254,Chris Warren
255,Kevin Zegers
256,Ricky Gervais
257,Richard Armitage
258,RaÃºl ArÃ©valo
259,David Hedison
260,Claudette Colbert
261,Deems Taylor
262,Leea Klemola
263,Michelle Krusiec
264,Louie Leonardo
265,Ron Moody
266,Anna Karina
267,Geena Davis
268,Chuck Norris
269,"""Catherine OHara"""
270,Lee Scott
271,Paul Fenech
272,Leigh Whannell
273,Adam Greaves-Neal
274,Aubrey Plaza
275,Ben Barnes
276,"""Paige OHara"""
277,Bernie Mac
278,Wes Bentley
279,Niklas Ulfvarson
280,Huang Bo
281,Eitan Cunio
282,Omar Metwally
283,MÃ_nica del Carmen
284,Kristanna Loken
285,Kate Mara
286,Sammo Hung
287,Ellis Cashmore
288,Julie Harris
289,JesÃºs Ochoa
290,Edward G. Robinson
291,Jessica Tandy
292,Leelee Sobieski
293,Jonathan Rhys Meyers
294,Denis Leary
295,Phyllis Thaxter
296,Lily James
297,DemiÃ¡n Bichir
298,Joel David Moore
299,Julie Andrews
300,Simone Simon
301,Ron Perlman
302,Dany Boon
303,Craig Sheffer
304,Frank Grillo
305,"""Jerry OConnell"""
306,Park Joong-hoon
307,Stuart Townsend
308,John Cena
309,Sam Hennings
310,"""Peter OToole"""
311,Rachel McAdams
312,Jason Priestley
313,Janne HyytiÃ_inen
314,James Rolleston
315,Koji Yakusho
316,Peter Berg
317,James Franco
318,Darlanne Fluegel
319,Jay Baruchel
320,Jamie Campbell Bower
321,Mary Kay Place
322,Vince Vaughn
323,Jared Harris
324,Adelelmo Jimenez
325,Henry Fonda
326,Rocky Mayor Anderson
327,Shauna Macdonald
328,Sean Young
329,Tom Waits
330,Kim Kkobbi
331,Jim Parsons
332,Harry Dean Stanton
333,Lucas Black
334,Kristin Scott Thomas
335,Katherine Heigl
336,Brandon Lee
337,ZsÃ_fia Psotta
338,Farrah Fawcett
339,Hattie Morahan
340,Zhang Ziyi
341,"""Nicholas DAgosto"""
342,J.J. Johnson
343,David Roberts
344,Jan-Michael Vincent
345,Bob Hoskins
346,Eddie Albert
347,Zdena StudÃ©nkovÃ¡
348,Richard Coyle
349,Shun Oguri
350,Clark Gable
351,Danielle Panabaker
352,M. Emmet Walsh
353,Bono
354,Yuliya Vysotskaya
355,Billy Crystal
356,Lee Min-ki
357,Michael Parks
358,Philip Michael Thomas
359,Timothy Hutton
360,Mikhail Boyarskiy
361,Stephen McHattie
362,Nastassja Kinski
363,Matthew Perry
364,Norah Jones
365,"""Taavale"""
366,Lilith Stangenberg
367,Robert Englund
368,Robert Hays
369,Vladimir Garin
370,Maggie Cheung
371,Kate Capshaw
372,Victor Lundin
373,John Travolta
374,Eli Wallach
375,Jimi Mistry
376,Madina Nalwanga
377,Zhang Lei
378,Thomas McHugh
379,Kevin Smith
380,Zoe Weizenbaum
381,Brad Pitt
382,Bill Nighy
383,David Rasche
384,Christopher Guard
385,Debbie Reynolds
386,William Shatner
387,Kristen Connolly
388,Carmina Villaroel
389,Samira Maas
390,Bradley Cooper
391,Goran Visnjic
392,David Niven
393,Joan Crawford
394,Hailee Steinfeld
395,Jakob Oftebro
396,Imran Khan
397,Charles Laughton
398,Christopher Eccleston
399,Cedric Hardwicke
400,Fiona Glascott
401,Amy Schumer
402,Jean-Claude Brialy
403,Ty Burrell
404,Aqib Khan
405,Natalie Press
406,Tshewang Dendup
407,Tony Barry
408,David Strathairn
409,Yoshiko Tanaka
410,Natasha Henstridge
411,Hank Azaria
412,Imogen Poots
413,Glynis Johns
414,Sarah Jessica Parker
415,Logan Lerman
416,Vivica A. Fox
417,Alyson Hannigan
418,Paddy Considine
419,Gabrielle Union
420,"""Josh Skreech Sandoval"""
421,Scott Weinger
422,Stephanie Leonidas
423,Edward Norton
424,Agnes Bruckner
425,Charles King
426,Martin Escudero
427,Lutz Dammbeck
428,Norma Aleandro
429,Tang Wei
430,Krysten Ritter
431,Parker Posey
432,Giovanni Ribisi
433,Elisha Cuthbert
434,Izzy Diaz
435,Mariangela Melato
436,Debra Messing
437,Johnny Simmons
438,Taimak
439,Josh Hutcherson
440,Kaoru Kobayashi
441,Michelle Trachtenberg
442,Dan Futterman
443,Mireille Darc
444,Moon Jeong-hee
445,Aimee Teegarden
446,Tatsuya Fujiwara
447,Christopher Lee
448,Kristina Orbakayte
449,Lena Dunham
450,Jamie Dornan
451,Ryan Carnes
452,Courteney Cox
453,Barry McEvoy
454,Rose McGowan
455,Sophie Marceau
456,Luke Perry
457,Ray Milland
458,Nate Parker
459,Ian Carmichael
460,Robert Patrick
461,Pavel LiÅ¡ka
462,Robin Williams
463,Chang Chen
464,Tom Welling
465,Jensen Ackles
466,Eric Wareheim
467,Robert Downey Jr.
468,T.J. Miller
469,Elizabeth Olsen
470,Aneurin Barnard
471,Bette Davis
472,John Barrymore
473,Alan Alda
474,Eric Bogosian
475,Allison Miller
476,Chris Pine
477,Franchot Tone
478,Nicholas Hope
479,Scott Grimes
480,Clifton Collins Jr
481,Bill Pullman
482,David Byrne
483,David Tennant
484,Greta Gerwig
485,Tom Cullen
486,Holly Marie Combs
487,Ilene Woods
488,Morgan Freeman
489,Indira Varma
490,Birce Akalay
491,George Peppard
492,Richard Joseph Paul
493,Gwyneth Paltrow
494,Alison Lohman
495,Fernando Alves Pinto
496,Janet McTeer
497,Jean-Paul Belmondo
498,Lana Turner
499,Aidan Quinn
500,Jean-Claude Van Damme
501,Forest Whitaker
502,Patrick Fugit
503,Dave Chappelle
504,Lewis J. Stadlen
505,Leslie Easterbrook
506,Candace Evanofski
507,David Naughton
508,Ben Stein
509,Jennifer Grey
510,Philippe Labro
511,Erica Gavin
512,Ali Larter
513,Bo Derek
514,Ann Altieri
515,Zoe Sloane
516,AnnaSophia Robb
517,Diana Wynyard
518,Jane Alexander
519,Jelly Lin
520,Gregory Smith
521,Vera Farmiga
522,MaÅ‚gorzata Foremniak
523,Silambarasan
524,Takeshi Kitano
525,Joey King
526,Sunny Pawar
527,Jacques Briere
528,Phyllis Haver
529,Eric Allan Kramer
530,Sarah Michelle Gellar
531,Jay Chou
532,Burt Lancaster
533,Helen Hunt
534,Max Riemelt
535,Dane DeHaan
536,Michael Jai White
537,Arjun Sarja
538,Danny Glover
539,Gregory Peck
540,Chris Sanders
541,Talia Shire
542,Kathleen Turner
543,Nick Cannon
544,Michael Douglas
545,David Essex
546,Josefin Asplund
547,Richard Dutcher
548,Tyrone Burton
549,Michelle Morgan
550,Rick Malambri
551,Annabeth Gish
552,Zachary Gordon
553,YÅçji Matsuda
554,Sonam Kapoor
555,Prabhas
556,Marion Cotillard
557,Tom Selleck
558,James Mason
559,Saif Ali Khan
560,Jonathan Taylor Thomas
561,Fabio Volo
562,Britt Robertson
563,Lubna Azabal
564,Michel Blanc
565,Mikko Nousiainen
566,Bette Midler
567,Corey Haim
568,Stany Crets
569,Michael Moore
570,Jean Dujardin
571,Ray Stevenson
572,Tom Berenger
573,J.K. Simmons
574,Brad Dourif
575,Claudio Bisio
576,Marat Basharov
577,Shankar Mahadevan
578,William Petersen
579,Ingrid GuimarÃ£es
580,Anton Yelchin
581,Patrick Wilson
582,Daniel Gillies
583,Anil Kapoor
584,Valeria Bruni Tedeschi
585,Tom Hulce
586,Ian McKellen
587,Richard Arlen
588,Lorraine Gary
589,William Mapother
590,Pyotr Zinovyev
591,Isabel Jeans
592,Kajol
593,Liu Ye
594,Robert Redford
595,Margaret Lockwood
596,Roy Dupuis
597,Josh Zuckerman
598,Stellan SkarsgÃ¥rd
599,Charlie Yeung
600,Rebecca Gomperts
601,Keir Dullea
602,Carol Burnett
603,David Thewlis
604,Reina Triendl
605,Gaspard Schlatter
606,David Andrews
607,Bill Griffith
608,Natasha Rinis
609,Lake Bell
610,Kathryn Beaumont
611,Wallace Beery
612,Ben Stiller
613,Sara Paxton
614,Nola Roeper
615,Nia Vardalos
616,Traci Lords
617,GÃ©rard Depardieu
618,Son Ye-jin
619,Rodrigo Santoro
620,Charles Coburn
621,Fred Astaire
622,Gugu Mbatha-Raw
623,Kyle MacLachlan
624,Lindsay Duncan
625,Robert Armstrong
626,Angelina Jolie
627,Rupert Everett
628,Richard Attenborough
629,William Holden
630,Kirk Douglas
631,Clu Gulager
632,Michelle Monaghan
633,Matt Czuchry
634,Alessandro Nivola
635,Nat Wolff
636,Kimberly Elise
637,Cezary Pazura
638,Vera Brezhneva
639,Aaron Taylor-Johnson
640,Rod Taylor
641,Pawan Kalyan
642,Carey Mulligan
643,Alex Pettyfer
644,Bridget Fonda
645,Liev Schreiber
646,Liv Ullmann
647,Roddy Piper
648,Joseph Gordon-Levitt
649,Vijay Sethupathi
650,Charlize Theron
651,Barbara Parkins
652,Victoria Justice
653,Charlotte Rampling
654,Buster Crabbe
655,Timothy Dalton
656,Kim Seung-woo
657,Hiroshi Mikami
658,Paul Giamatti
659,Sarah Polley
660,Cees Geel
661,Ellen Barkin
662,Chiwetel Ejiofor
663,Lily Collins
664,Kieran Culkin
665,Jerry Lewis
666,Tobey Maguire
667,Peter Stormare
668,Martin Rapold
669,Nazriya Nazim
670,Chelcie Ross
671,Jesse Metcalfe
672,Tony Ail
673,Mae West
674,Mickey Rooney
675,Marie Dressler
676,Tom Tyler
677,Kevin Conway
678,Karin Bertling
679,James Allen McCune
680,Kevin Pollak
681,Maxim Gaudette
682,Howard Rollins
683,Jim Belushi
684,Donnie Dunagan
685,_œ__Ñ€Ñ€_¸ÑÅ _§_µÑÅÑ‚___°Ñ‚
686,Christine Hargreaves
687,Tom Schilling
688,Louise Brooks
689,Warwick Davis
690,Tygh Runyan
691,Mitya Borisov
692,Emily Watson
693,Mandy Moore
694,Brett Granstaff
695,Dan Aykroyd
696,Richard Jordan
697,InÃ©s Sastre
698,Glenn Howerton
699,Jon Prescott
700,Ashley Bell
701,Chris Phillips
702,Kyle Catlett
703,Ben Burtt
704,George Burns
705,Barbara Hershey
706,Manoj Bajpayee
707,Paul Dano
708,Billy Campbell
709,Ã“scar Jaenada
710,Chris Hemsworth
711,Dana Snyder
712,Gary Walker
713,Jesse Eisenberg
714,Freddie Prinze Jr.
715,Patrick Dempsey
716,Catherine Mary Stewart
717,Aileen Quinn
718,Igor Shmakov
719,Troy Donahue
720,Kenan Thompson
721,Gaspard Ulliel
722,Rebel Wilson
723,Rocky McKenzie
724,Lauren Bacall
725,Scott Mechlowicz
726,Matthew Macfadyen
727,Regina Advento
728,Don Cheadle
729,Randolph Scott
730,Ayesha Dharker
731,Kevin Sorbo
732,Claire Trevor
733,Jaime Pressly
734,Griffin Gluck
735,Jim Sturgess
736,GrÃ©goire Ludig
737,Ming-Na Wen
738,Simon Yam
739,Sanjay Dutt
740,Dan Mor
741,Manuel Vignau
742,Randy Norton
743,Paula GarcÃ©s
744,Emma Roberts
745,Olivia Taylor Dudley
746,Cybill Shepherd
747,Diane Keaton
748,Luke Evans
749,"""Josh OConnor"""
750,Stephen McGann
751,Lee Byung-hun
752,Sylvia Kristel
753,Anamaria Marinca
754,Lee Chun-hee
755,Dr. Dre
756,Diego Luna
757,Kevin Heffernan
758,Keanu Reeves
759,David Oyelowo
760,Jennifer Coolidge
761,Eleni Kastani
762,50 Cent
763,Donatas Banionis
764,Jake Gyllenhaal
765,Katie Featherston
766,Rachael Leigh Cook
767,Dustin Hoffman
768,Dmitriy Endaltsev
769,Janet Gaynor
770,Rosanna Arquette
771,Mel Brooks
772,Annie Liu
773,Emilia Clarke
774,Danny Denzongpa
775,Robert Loggia
776,Matthias SchweighÃ¶fer
777,Nathan Fillion
778,Peter MacNicol
779,Chris Kattan
780,Andrew Robinson
781,Wesley Snipes
782,Frances Conroy
783,Jonathan Blow
784,Cliff Robertson
785,Betty Grable
786,Catherine Keener
787,Jacob Latimore
788,Lillian Gish
789,Efim Petrunin
790,Wu Jing
791,Dan Monahan
792,Carmen Electra
793,Alan Tudyk
794,QuvenzhanÃ© Wallis
795,Laurence Olivier
796,Martin Sheen
797,Hideaki Ito
798,Melvil Poupaud
799,Erika Christensen
800,Vin Diesel
801,Everlyn Sampi
802,Shehzad Sheikh
803,Jennifer Morrison
804,Samy Naceri
805,Max Irons
806,Jennifer Garner
807,Elizabeth Mitchell
808,Casey Affleck
809,Amy Poehler
810,Katja Riemann
811,Hugh Grant
812,Zooey Deschanel
813,Ilka Bessin
814,Ray Liotta
815,Ginnifer Goodwin
816,Asa Butterfield
817,Andy Samberg
818,James Garner
819,Chow Yun-fat
820,Ralph Macchio
821,Kate Tsui
822,Michael Fassbender
823,Russell Brand
824,Benedict Cumberbatch
825,Til Schweiger
826,John C. Reilly
827,Helen McCrory
828,Sean Garlick
829,Gabriele Caprio
830,James McAvoy
831,Daisy Ridley
832,Katee Sackhoff
833,Yvette Mimieux
834,Mark Hamill
835,Kristin Kreuk
836,Miou-Miou
837,"""Morgana OReilly"""
838,Jenna Fischer
839,Bodil JÃ¸rgensen
840,Robert De Niro
841,Adrien Brody
842,Shin Ha-kyun
843,Carl Brisson
844,Ernst-Hugo JÃ_regÃ¥rd
845,Julian Sands
846,Eric Roberts
847,Shad Moss
848,Joe Cross
849,Ted Danson
850,Matthew Le Nevez
851,Howard Keel
852,Joseph Fiennes
853,Chris Makepeace
854,Sissy Spacek
855,Gal Gadot
856,Terence Knox
857,Tim Allen
858,Alan Rickman
859,Karlheinz BÃ¶hm
860,Brittany Murphy
861,Chris Stafford
862,Liv Tyler
863,Iris Apfel
864,Yekaterina Gorokhovskaya
865,Jude Law
866,John Saxon
867,Salma Hayek
868,Charlie Cox
869,Sean Faris
870,Aleksandr Abdulov
871,Karina Smulders
872,Barry Newman
873,Javal Davis
874,Ho-jeong Yu
875,Katharine Ross
876,Mila Kunis
877,Elvis Presley
878,Suraj Sharma
879,Mads Ousdal
880,Robert Hill
881,Fernanda Montenegro
882,Hideo Sakaki
883,Liam Boyle
884,Naomi Watts
885,Jeff Clark
886,Snoop Dogg
887,Prince
888,Helena Bonham Carter
889,Anand Patwardhan
890,Mira Sorvino
891,Michiel Huisman
892,Owen Wilson
893,Alex D. Linz
894,Kevin Spacey
895,Matt Day
896,Scott Walker
897,Marisa Tomei
898,Anne Hathaway
899,Abigail Breslin
900,Madonna
901,Bernadette Peters
902,Susan Sarandon
903,Jason Bateman
904,Gad Elmaleh
905,Aaron Paul
906,Walter Matthau
907,Heike Makatsch
908,Lesley-Anne Down
909,Ellen DeGeneres
910,Kristen Miller
911,Eric Mitchell
912,Benjamin Walker
913,Lea Michele
914,Kate Winslet
915,John Leguizamo
916,Francesco Pannofino
917,Evan McGuire
918,Anna May Wong
919,Cecilia Cheung
920,Daveigh Chase
921,Richard Grieco
922,Baya Rehaz
923,Steven Seagal
924,Jada Pinkett Smith
925,Joe Swanberg
926,Eleanor Boardman
927,Andrey Krasko
928,Andrzej Chyra
929,Omkar Das Manikpuri
930,Dan Castellaneta
931,Portia de Rossi
932,GÃ¶tz George
933,Peter Strauss
934,Candy Clark
935,Billy Crudup
936,Bob Proctor
937,Phillip Glasser
938,Kou Shibasaki
939,Andre Gower
940,Maria Poezhaeva
941,Essie Davis
942,Agathe Bonitzer
943,Ethan Juan
944,Shoshana Bush
945,William Moseley
946,Stephen Dorff
947,Subcommandante Marcos
948,Sharlto Copley
949,Rachel Weisz
950,Jermaine Sullivan
951,Ray Aranha
952,Jessica Harper
953,Christopher Jacot
954,Debi Derryberry
955,Gabourey Sidibe
956,Reese Witherspoon
957,Katy Perry
958,Andy McAvin
959,Lee Majors
960,Lance Henriksen
961,Georgina Cates
962,Loren Dean
963,Daniel Tay
964,George Carlin
965,Adam Beach
966,Marilyn Burns
967,Alex Briley
968,Brandy Norwood
969,"""Ryan ONeal"""
970,Karra Elejalde
971,æù°æ£®Â·è_«ç_›
972,Mitsuo Iwata
973,Choi Min-sik
974,Jason Beghe
975,Bogdan Benyuk
976,Rudolph Christians
977,Don Ameche
978,Richard Burton
979,Dragan BjelogrliÄ‡
980,Robert Evans
981,Evan Rachel Wood
982,Fernando Colunga
983,Akshay Kumar
984,Bijou Phillips
985,Alex Kendrick
986,Olivia Cooke
987,Mick Jagger
988,Anthony Rapp
989,TheodÃ_r JÃºlÃ_usson
990,Henry G. Sanders
991,Joel Kinnaman
992,Tori Spelling
993,Rickson Tevez
994,Richard Linklater
995,Kathleen Quinlan
996,Elizabeth Berkley
997,Lena Headey
998,Melissa George
999,Ryan Kwanten
1000,Hope Davis
1001,Matt Lanter
1002,Damon Wayans
1003,Kunal Khemu
1004,Valeri Solovyev
1005,Taylor Lautner
1006,Kathryn Burns
1007,Olga Kurylenko
1008,Jessica Lange
1009,So Ji-sub
1010,Scott Bakula
1011,Horace B. Carpenter
1012,Viggo Mortensen
1013,Yul Vazquez
1014,Will Smith
1015,Viola Savoy
1016,Jon Foo
1017,Lee Jung-jae
1018,Daniel J. Travanti
1019,Ken Tanaka
1020,Kevin James
1021,Colin Hanks
1022,Michelle Nolden
1023,Sook-Yin Lee
1024,Angela Schijf
1025,Carol Block
1026,Charlie Chaplin
1027,Daniel Jordano
1028,Lindsay Lohan
1029,Kyle Walsh
1030,Dan Stevens
1031,Philippe Noiret
1032,Henry Thomas
1033,Marc Antolin
1034,Jessica Alba
1035,Christina Hendricks
1036,Jamie Bell
1037,Amy Adams
1038,J. Michael Trautmann
1039,Anne Reid
1040,Justin Whalin
1041,Ingrid Thulin
1042,Brendan Gleeson
1043,Peter Sellers
1044,Cherry Pie Picache
1045,Kemal Sunal
1046,Kevin Clash
1047,Patrick Stewart
1048,Zana Briski
1049,Jeffrey Combs
1050,Carlos Gallardo
1051,Kevin Peter Hall
1052,Queen Latifah
1053,Lori Petty
1054,Ed Asner
1055,Vincent Cassel
1056,Pyotr Fyodorov
1057,Barry Otto
1058,Nichola Burley
1059,Yuka Imoto
1060,Michael Moriarty
1061,James Coburn
1062,Charlie Hunnam
1063,Sean Astin
1064,Tula Belle
1065,Raquela Rios
1066,Tommy Snider
1067,Emmanuelle Riva
1068,Neil Dudgeon
1069,Jeff Chandler
1070,Ving Rhames
1071,Matthew McConaughey
1072,Joshua Jackson
1073,Lau Ching-Wan
1074,Sinbad
1075,Kim Darby
1076,Richard Chamberlain
1077,Marlon Brando
1078,Lance Guest
1079,Michelle Nicastro
1080,Susan Ward
1081,Danielle Harris
1082,Thierry Lhermitte
1083,Dylan Walsh
1084,Jill Clayburgh
1085,Pamela Anderson
1086,Richard Widmark
1087,Sam Rockwell
1088,RaphaÃ«l Personnaz
1089,Angela Bassett
1090,Chris Cooper
1091,Amber Tamblyn
1092,Chaney Kley
1093,Fannie Ward
1094,Fabrizio Bentivoglio
1095,Raymond Thiry
1096,Charisma Carpenter
1097,Danielle Macdonald
1098,Dhanush
1099,Clancy Brown
1100,William H. Macy
1101,Tim Curry
1102,"""Jodi Lyn OKeefe"""
1103,Victor Love
1104,Joe Mantegna
1105,John Ireland
1106,Darci Kistler
1107,Julie Delpy
1108,MÃ©lanie Thierry
1109,Julianne Moore
1110,Evgeny Mironov
1111,Chaim Topol
1112,Scout Taylor-Compton
1113,Peter Liapis
1114,Mia Wasikowska
1115,Michael Redgrave
1116,Mikhail Galustyan
1117,Jack Buchanan
1118,Ken Watanabe
1119,Charlotte Frogner
1120,Robert John Burke
1121,Brady Corbet
1122,Martin Short
1123,Dane Clark
1124,Malcolm McDowell
1125,Bob Dylan
1126,EliÃº Armas
1127,Katie Cassidy
1128,Mirai Shida
1129,Scott Baio
1130,Robert Taylor
1131,Bob Holt
1132,Kirk Alyn
1133,Mary Elizabeth Winstead
1134,Andrea Riseborough
1135,Olivia Newton-John
1136,Justin Chatwin
1137,Barbara Sarafian
1138,Tom Hanks
1139,Jimmy Bennett
1140,Sanaa Lathan
1141,Nick Frost
1142,Shawn Wayans
1143,Ryan Robbins
1144,TÃ_rkan Å_oray
1145,Ashley Scott
1146,Alex Frost
1147,Christopher Plummer
1148,Timothy Spall
1149,Anwar Congo
1150,AgnÃ¨s Jaoui
1151,Simon Baron-Cohen
1152,Vanessa Redgrave
1153,Ramon Novarro
1154,Sophia Loren
1155,Vanilla Ice
1156,Nick Pickard
1157,Shane Carruth
1158,Judy Davis
1159,Mohammad Jawad
1160,Camilla Luddington
1161,Rumi Hiiragi
1162,Chris Eigeman
1163,Hani Adel
1164,Tom Cruise
1165,"""Gail OGrady"""
1166,John Lone
1167,Kimberly Beck
1168,Wil Wheaton
1169,Luke Treadaway
1170,Muhammad Ali
1171,Anna Bolshova
1172,Burt Reynolds
1173,Brendan Sexton III
1174,Olivia Hussey
1175,Daryl Hannah
1176,D. B. Sweeney
1177,Julian Morris
1178,Robert Carradine
1179,John Neville
1180,Ricardo DarÃ_n
1181,Bud Spencer
1182,Leonor Varela
1183,Halle Berry
1184,Stephen Rea
1185,Norma Shearer
1186,Heather Matarazzo
1187,Alan Cumming
1188,Brigitte Helm
1189,SaÃ¯d Taghmaoui
1190,Chase Masterson
1191,Dana Kimmell
1192,Elizabeth Taylor
1193,ToshirÅç Mifune
1194,Kirby Heyborne
1195,Debra Winger
1196,Max Brebant
1197,Juno Temple
1198,Anita BjÃ¶rk
1199,Hitomi Kuroki
1200,Melina Mercouri
1201,Stephen McNally
1202,Lea Thompson
1203,Yuria Nara
1204,Miley Cyrus
1205,Kurt Russell
1206,Maya Bulgakova
1207,Terrence Jenkins
1208,Douglas Fairbanks
1209,Drew Barrymore
1210,Melanie Griffith
1211,Dorian Corey
1212,Ruby Barnhill
1213,Danielle Ryan Chuchran
1214,Julie Benz
1215,Brad Johnson
1216,Peter Horton
1217,Gabrielle Anwar
1218,Freddie Highmore
1219,Leonard Mann
1220,Marques Houston
1221,Austin Nichols
1222,Max von Sydow
1223,Sergei Makovetsky
1224,Marc Singer
1225,Harrison Ford
1226,Patsy Garrett
1227,Will Beinbrink
1228,Broderick Crawford
1229,Zana MarjanoviÄ‡
1230,Daniel Kaluuya
1231,Anna Paquin
1232,Warner Baxter
1233,Robert Gemp
1234,Katherine Waterston
1235,Serdar KebapÃ§ilar
1236,Ryan Phillippe
1237,"""Roscoe Fatty Arbuckle"""
1238,Minnie Driver
1239,Sean Maguire
1240,Arthur Brauss
1241,Peter Weller
1242,Winona Ryder
1243,Meg Ryan
1244,Omar Sharif
1245,John Hurt
1246,James Le Gros
1247,Jean-Claude Donda
1248,Theodore Roberts
1249,Juliet Stevenson
1250,Lorenza Izzo
1251,Ferdia Walsh-Peelo
1252,Scottie Thompson
1253,Hedy Lamarr
1254,Sonny Chiba
1255,Dabney Coleman
1256,Elliott Gould
1257,Ed Speleers
1258,Buster Keaton
1259,Gordon Warnecke
1260,Lyndsy Fonseca
1261,Jason Ian Drucker
1262,Ossie Davis
1263,Terence Stamp
1264,Donald Sutherland
1265,Roshan Seth
1266,Scott Eastwood
1267,James Franciscus
1268,Sam Elliott
1269,Olivia DeJonge
1270,Adam Butcher
1271,Richard Crenna
1272,Rex Harrison
1273,Barrie Ingham
1274,Armin Mueller-Stahl
1275,Ron Burrage
1276,Karen Black
1277,Cyril Raffaelli
1278,Samantha Ferris
1279,Donald Faison
1280,Jamie Kennedy
1281,Ashley Judd
1282,Kiefer Sutherland
1283,Melissa Joan Hart
1284,Kuei Ya-Lei
1285,Roger Moore
1286,"""Ed ONeill"""
1287,Alfred Abel
1288,Vladimir Turchinsky
1289,Griffin Dunne
1290,Rose Leslie
1291,"""Aulii Cravalho"""
1292,Yanina Zhejmo
1293,Diane Ladd
1294,Mark Dacascos
1295,Craig Ferguson
1296,Steve Whitmire
1297,Sean Gullette
1298,Mathieu Amalric
1299,Seann William Scott
1300,Victor Mature
1301,Manuela Velasco
1302,Dean Russell
1303,Elena An
1304,Anna Kendrick
1305,Randeep Hooda
1306,Keke Palmer
1307,Liam James
1308,Ellar Coltrane
1309,Armand Assante
1310,Josh Stewart
1311,John Heard
1312,Carol Kane
1313,Ray Wise
1314,Denise Aron-Schropfer
1315,Spencer Klein
1316,Paul Rudd
1317,David Bowie
1318,Edward Furlong
1319,Liam Neeson
1320,Hamish Linklater
1321,George Kennedy
1322,Kad Merad
1323,Gordon Jones
1324,John Payne
1325,James Lorinz
1326,Emmanuelle Vaugier
1327,Simone Spoladore
1328,Charis Michelsen
1329,Andrew Jacobs
1330,Stephen Boyd
1331,Julia Ormond
1332,Jean Simmons
1333,Elijah Wood
1334,Minna HaapkylÃ_
1335,Milla Jovovich
1336,Marie Avgeropoulos
1337,Brigitte Bardot
1338,Jim Broadbent
1339,Thomas Mann
1340,Innokentiy Smoktunovskiy
1341,James Remar
1342,Ryan Merriman
1343,Adrienne Barbeau
1344,Diana Ross
1345,Franco Nero
1346,Audrey Hepburn
1347,Barry Bostwick
1348,Annabella Sciorra
1349,Samuel Le Bihan
1350,Art Parkinson
1351,Sean Patrick Flanery
1352,Sam J. Jones
1353,Ilona Massey
1354,Peter FranzÃ©n
1355,George Lazenby
1356,Aditya Roy Kapoor
1357,T.I.
1358,Daniel Radcliffe
1359,Iko Uwais
1360,Channing Tatum
1361,Pernilla August
1362,Robert Duvall
1363,William Feng
1364,Chris Tucker
1365,Martin Lawrence
1366,Josh Lucas
1367,Patrick Timsit
1368,Rossano Brazzi
1369,Barbara Harris
1370,Tobin Bell
1371,Pulkit Jawahar
1372,BenoÃ®t Magimel
1373,GermÃ¡n Alcarazu
1374,Sergio Rubini
1375,Jeanne Tripplehorn
1376,George Bancroft
1377,Stewart Granger
1378,Sean Connery
1379,Anthony Edwards
1380,Dominique Swain
1381,Doris Svedlund
1382,Sandy Duncan
1383,Thomas Turgoose
1384,Romane Bohringer
1385,Sarah Drew
1386,Thomas F. Duffy
1387,Stepan Shkurat
1388,Ritesh Deshmukh
1389,Ken Wahl
1390,Tami Erin
1391,Isla Fisher
1392,Jason Lee
1393,Dermot Mulroney
1394,James Badge Dale
1395,Dinesh Ravi
1396,John Taylor
1397,Ranveer Singh
1398,Adam Carolla
1399,Mark Strong
1400,Parvathy Thiruvothu
1401,Dominique Pinon
1402,Nikolaj Lie Kaas
1403,Jay Mohr
1404,Michael Gambon
1405,Louis Hayward
1406,Jeff Daniels
1407,Judd Nelson
1408,Georgia Groome
1409,Brendan Fraser
1410,Mary Elizabeth Mastrantonio
1411,Zoe Lister-Jones
1412,Lacey Chabert
1413,America Ferrera
1414,Cyndi Williams
1415,Kim Cattrall
1416,Noah Schnapp
1417,Klaus Kinski
1418,Jason Trost
1419,Martin Freeman
1420,John Jarratt
1421,Brenton Thwaites
1422,Maria Molins
1423,Ansel Elgort
1424,Mark Webber
1425,Wasabi Mizuta
1426,Sheryl Lee
1427,Megan Faccio
1428,Anya Taylor-Joy
1429,Jesper Christensen
1430,Maxwell Caulfield
1431,Donald Pleasence
1432,Peter Fonda
1433,Zoe Saldana
1434,Ron Fazio
1435,Cathy Cavadini
1436,Molly Ringwald
1437,Richard Gere
1438,Lou Diamond Phillips
1439,Carl Weathers
1440,Kristoffer Joner
1441,Jack Palance
1442,Steve Harvey
1443,Christopher Abbott
1444,Jean Arthur
1445,Erin Evans
1446,Mae Murray
1447,Ben Whishaw
1448,Cyril Ritchard
1449,Nigel Terry
1450,Marina Zudina
1451,Kay Panabaker
1452,Jeffrey Hunter
1453,Domhnall Gleeson
1454,Miguel Ferrer
1455,Alfred Molina
1456,Diego Abatantuono
1457,Diogo Morgado
1458,Helen Mirren
1459,Anna Nicole Smith
1460,Michael C. Williams
1461,Carmelo GÃ_mez
1462,Jasmine Trinca
1463,Joe Cocker
1464,Paul McGann
1465,Marla Sokoloff
1466,Ellen Page
1467,"""MoNique"""
1468,Eyal Kitzis
1469,Marina Neyolova
1470,Nicole Kidman
1471,Morgan Saylor
1472,Ashley Greene
1473,Devon Sawa
1474,Samantha Morton
1475,Dudley Moore
1476,Fred MacMurray
1477,Billy Zane
1478,Richard Thomas
1479,Shia LaBeouf
1480,Linus Roache
1481,Dennis Alwood
1482,Jessica Biel
1483,Per Christian Ellefsen
1484,Richard Egan
1485,Nicole Abisinio
1486,Tom Arnold
1487,Å_ahan GÃ¶kbakar
1488,Vik Muniz
1489,Gina Carano
1490,John G. Brennan
1491,Melissa Leo
1492,Masey McLain
1493,Hiroki Hasegawa
1494,Nawazuddin Siddiqui
1495,Julia Dietze
1496,Annika Marks
1497,Alexis Bledel
1498,Greta Garbo
1499,Sterling Holloway
1500,StanisÅ‚aw Brudny
1501,Ann-Margret
1502,Jordana Beatty
1503,Tyrin Turner
1504,Whitney Able
1505,Tippi Hedren
1506,Michael Pollan
1507,Caitlin Stasey
1508,Moni Moshonov
1509,Tye Sheridan
1510,Angela Tucker
1511,Tony Leung Chiu-Wai
1512,AÃ¯ssa MaÃ¯ga
1513,Mary Pickford
1514,Patrick Bergin
1515,Neve Campbell
1516,Jim Henson
1517,Rob Schneider
1518,Koen De Bouw
1519,Mike Epps
1520,Monica Potter
1521,George Segal
1522,Tony Jaa
1523,Sheila Vand
1524,Whitney Houston
1525,Amber Valletta
1526,Regina CasÃ©
1527,Adrian Pang
1528,Ad van Kempen
1529,Michael J. Fox
1530,Emma Stone
1531,Allan Sherman
1532,Meryl Streep
1533,Carrie-Anne Moss
1534,Jeremy Theobald
1535,Shirley Temple
1536,Matthew Broderick
1537,Seth Green
1538,Nathaniel Brown
1539,Tracy Camilla Johns
1540,David Duchovny
1541,Betty Hutton
1542,Maccio Capatonda
1543,Tom McGrath
1544,Claire Danes
1545,Scott MacDonald
1546,Lizzy Caplan
1547,Shah Rukh Khan
1548,Jason Scott Lee
1549,Blanchard Ryan
1550,Silvia Seidel
1551,Jean Marais
1552,Ed Skrein
1553,Richard Dreyfuss
1554,AndrÃ© Benjamin
1555,Jack Lemmon
1556,Christophe Malavoy
1557,Nilbio Torres
1558,Ali Suliman
1559,Glenn Close
1560,William Prince
1561,Steve Buscemi
1562,Jordana Brewster
1563,Eduardo Noriega
1564,Gregory Harrison
1565,Steven Strait
1566,AJ Michalka
1567,Nicholas Hoult
1568,Sarah Cohen-Hadria
1569,Marc Donato
1570,John Abraham
1571,Mick Foley
1572,Jessica Walter
1573,Adam Sandler
1574,Tannishtha Chatterjee
1575,Kris Kristofferson
1576,Leonid Yarmolnik
1577,Chris Klein
1578,Garret Dillahunt
1579,Georges MÃ©liÃ¨s
1580,Oliver Masucci
1581,Anthony Michael Hall
1582,Michael Carbonaro
1583,Embeth Davidtz
1584,YÄ±lmaz ErdoÄŸan
1585,Max Thieriot
1586,Alexandra Meierhans
1587,Zero Mostel
1588,David Morse
1589,William Powell
1590,Kathryn McCormick
1591,Clovis Cornillac
1592,Felicia Pearson
1593,Adam Driver
1594,Alain Chabat
1595,Bill Paxton
1596,Ekaterina Vilkova
1597,Abhishek Bachchan
1598,Gael GarcÃ_a Bernal
1599,Mary Fuller
1600,Emily Bergl
1601,Danny Kaye
1602,Joseph Kaiser
1603,Sergey Gorobchenko
1604,Phil Harris
1605,Mariya Aronova
1606,Patton Oswalt
1607,David Attenborough
1608,Andreas Lust
1609,Kit Harington
1610,Paul Bettany
1611,Steve Agee
1612,Desmond Harrington
1613,Lee Evans
1614,Patrick J. Adams
1615,Victor McLaglen
1616,Kim Basinger
1617,Ben Affleck
1618,Annette Bening
1619,Frankie Muniz
1620,Christine Cavanaugh
1621,Layla Olwy
1622,Jim Dine
1623,Deepika Padukone
1624,Angelica Lee
1625,Brie Larson
1626,Farhan Akhtar
1627,Leonor Watling
1628,Angela Redman
1629,Christopher George
1630,Mariel Hemingway
1631,Philip Baker Hall
1632,Carter Jenkins
1633,Emily Browning
1634,Jason Segel
1635,Pat Boone
1636,Freida Pinto
1637,Asia Argento
1638,Claire Holt
1639,Scott Glenn
1640,Myles Berkowitz
1641,Shane Dawson
1642,Cyrielle Clair
1643,LL Cool J
1644,Stephen Chow
1645,Rachel Dratch
1646,Jean Reno
1647,Jon Heder
1648,Helena BergstrÃ¶m
1649,"""Chris ODonnell"""
1650,Woody Harrelson
1651,June Allyson
1652,Dirk Bogarde
1653,Valerie Red-Horse
1654,Omar Epps
1655,Luke Kirby
1656,Paul Ben-Victor
1657,Alev UÃ§arer
1658,William Kerwin
1659,Stanley Baker
1660,Al Pacino
1661,Jonah Bobo
1662,Craig Bierko
1663,Paget Brewster
1664,Kevin Costner
1665,John Krasinski
1666,Gila Almagor
1667,Roselyn SÃ¡nchez
1668,Deborra-Lee Furness
1669,Sumi Shimamoto
1670,Otto Jespersen
1671,Renee Leblanc
1672,John Mellencamp
1673,Lance Bass
1674,Dwayne Johnson
1675,Ha Jung-woo
1676,Zuhab Khan
1677,Stephen Moyer
1678,Nikki Reed
1679,Carlo Cecchi
1680,Gina Lollobrigida
1681,Harriet Owen
1682,D. David Morin
1683,Gloria Jean
1684,Larry David
1685,Haley Bennett
1686,Taraji P. Henson
1687,"""Dinesh DSouza"""
1688,Frank Whaley
1689,Paul Stevens
1690,Dane Cook
1691,Shiney Ahuja
1692,Sonu Sood
1693,Tom Laughlin
1694,Jamel Debbouze
1695,Spike Lee
1696,Chyler Leigh
1697,Giuseppe Andrews
1698,Sullivan Stapleton
1699,Jeffrey Chyau
1700,"""Brian OHalloran"""
1701,Brenda Vaccaro
1702,Amy Brenneman
1703,Hilary Swank
1704,Ryan Gosling
1705,Ingrid Bergman
1706,Vyacheslav Krikunov
1707,Jami Gertz
1708,AdÃ¨le Exarchopoulos
1709,Joyce Taylor
1710,RenÃ©e Zellweger
1711,Heath Ledger
1712,Lainie Kazan
1713,Jason Biggs
1714,Jay Chandrasekhar
1715,Leslie Nielsen
1716,Ryan Cartwright
1717,Ronald Colman
1718,Oksana Akinshina
1719,Lukas Haas
1720,"""Wilbur Hi-Fi White"""
1721,Lloyd Bridges
1722,Aleksey Chadov
1723,Sam Worthington
1724,Linda de Mol
1725,Carlo Ferrante
1726,Anthony Hopkins
1727,Brenda Myers-Powell
1728,Danny Aiello
1729,LisaRaye McCoy
1730,Fredric March
1731,Kevin Dillon
1732,Chen Kun
1733,Hal Holbrook
1734,Julia Roberts
1735,Tom Cavanagh
1736,"""Emily Roya OBrien"""
1737,Peter Ustinov
1738,Howard Stern
1739,Dianna Agron
1740,Mats Ã…hlfeldt
1741,Ross Partridge
1742,John Goodman
1743,Madhavan
1744,Steve Sandvoss
1745,Robin Shou
1746,Jesse Bradford
1747,Sridevi Kapoor
1748,Paige Turco
1749,Lily Tomlin
1750,Sudeep
1751,Dev Patel
1752,Janeane Garofalo
1753,John Candy
1754,Edward Burns
1755,Guy Pearce
1756,Heikki Silvennoinen
1757,Willem Dafoe
1758,Corinna Harfouch
1759,Felicity Mason
1760,Ian Holm
1761,Angus Macfadyen
1762,Kal Penn
1763,TarÄ±k Akan
1764,Priyanka Chopra
1765,Mark Addy
1766,Aziz Naser
1767,Andrew McCarthy
1768,Monica Engesser
1769,Natalie Wood
1770,Klaus Maria Brandauer
1771,Santiago Segura
1772,Teo Halm
1773,Jean-Pierre Darroussin
1774,Harry Connick Jr.
1775,Columbus Short
1776,Red Skelton
1777,Nick P. Ross
1778,BÃ¡rbara Lombardo
1779,Michael Madsen
1780,Graham Chapman
1781,Jon Hamm
1782,David Hewlett
1783,Helen Hayes
1784,James Cagney
1785,Siddhi Mahajankatti
1786,Ben Foster
1787,John Huston
1788,Janet Jackson
1789,Nigel Havers
1790,Leonardo DiCaprio
1791,Macaulay Culkin
1792,James Caan
1793,Obba BabatundÃ©
1794,Rain
1795,Clara Bow
1796,Emile Hirsch
1797,Tim Ogletree
1798,Matthew Modine
1799,Bobby Driscoll
1800,Rosario Dawson
1801,Asta Nielsen
1802,Ronnie Barker
1803,Cindy Baer
1804,Kodi Smit-McPhee
1805,Ethan Hawke
1806,Giuliano Gemma
1807,Cassandra Delaney
1808,Rowan Atkinson
1809,Timothy Olyphant
1810,Bobcat Goldthwait
1811,Minka Kelly
1812,Noomi Rapace
1813,Coluche
1814,John Wayne
1815,Lauren German
1816,Sylvia Sidney
1817,Sebastian Cabot
1818,Pernille Vallentin
1819,Russell Crowe
1820,Michelle Pfeiffer
1821,Nikolaj Rasmussen
1822,Sam Waterston
1823,Robert Donat
1824,Jason London
1825,GÃ©za RÃ¶hrig
1826,Marc Blucas
1827,H.B. Halicki
1828,Isabelle Adjani
1829,Jim Carrey
1830,Toni Servillo
1831,Vittorio Gassman
1832,MarÃ_a Mercedes Coroy
1833,Penelope Ann Miller
1834,Emma Watson
1835,Robin Weigert
1836,Kenny Wormald
1837,Rooney Mara
1838,Aaron Abrams
1839,Walter Quiroz
1840,Evan Glodell
1841,James Wilby
1842,Julia Stiles
1843,RÃ©my Girard
1844,Daniel Schlachet
1845,Britney Spears
1846,Leo Minaya
1847,Ai Kobayashi
1848,Alberto Sordi
1849,Benicio del Toro
1850,James Nesbitt
1851,Franca Mai
1852,Bel Powley
1853,Napoleon Ryan
1854,Craig Conway
1855,BjÃ¶rk
1856,Tina Fey
1857,Sarah Butler
1858,Ray Winstone
1859,Bruce Ramsay
1860,Bruno Ganz
1861,Chiara Mastroianni
1862,Ali Zafar
1863,Jeremy Sumpter
1864,Cathy Rigby
1865,Stacy Valentine
1866,Jacob Tierney
1867,Oleg Kulikovich
1868,Rick Moranis
1869,Suriya 
1870,Martijn Lakemeier
1871,Bill Hader
1872,Nia Long
1873,Carmen Maura
1874,Bob Newhart
1875,Ryan Reynolds
1876,Irene Bedard
1877,Billy Bob Thornton
1878,Richard Roundtree
1879,Sean Hayes
1880,Abhay Deol
1881,Sam Neill
1882,Peter Mullan
1883,Laura Dern
1884,Pamela Gidley
1885,Samantha King
1886,Royalty Hightower
1887,Sandy Dennis
1888,James Cromwell
1889,Tadanobu Asano
1890,Jennifer Love Hewitt
1891,Blythe Auffarth
1892,Haley Joel Osment
1893,Nivin Pauly
1894,Tiger Shroff
1895,Sean Bean
1896,Mitch Gaylord
1897,Deborah Harry
1898,Scott Adsit
1899,Peter Cook
1900,Dina Meyer
1901,Mickey Rourke
1902,Dakota Johnson
1903,Joe Dallesandro
1904,Val Kilmer
1905,Toshiaki Karasawa
1906,Natalie Dormer
1907,JÃ_rgen Vogel
1908,Jackie Chan
1909,Alexander Siddig
1910,Patricia Arquette
1911,Hayden Panettiere
1912,Michael Bonsignore
1913,Lennie Loftin
1914,Richard E. Grant
1915,Hulk Hogan
1916,Teodor Corban
1917,Vildan Atasever
1918,Tupac Amaru Shakur
1919,Van Williams
1920,Robert Carlyle
1921,Eric Bana
1922,Alycia Debnam-Carey
1923,Jason Ritter
1924,John Cho
1925,Bruno Corazzari
1926,Kristen Wiig
1927,Joe Pesci
1928,Cynthia Nixon
1929,Laura Linney
1930,Matt Dillon
1931,Jack Huston
1932,Brenda Blethyn
1933,James Frecheville
1934,Jon Gries
1935,Andrei Panin
1936,Victor Wong
1937,Sigourney Weaver
1938,Courtney B. Vance
1939,Gregory Hines
1940,Judith Hoag
1941,Elio Germano
1942,Clayton Moore
1943,Deborah Kerr
1944,Elizabeth Reaser
1945,Boris Kodjoe
1946,Rod Paradot
1947,Sasha Grey
1948,Jason Sudeikis
1949,Anna Friel
1950,Maggie Smith
1951,Denzel Washington
1952,Helene Costello
1953,Juliette Binoche
1954,Greg Evigan
1955,Trevor Morgan
1956,Cillian Murphy
1957,Hugh Jackman
1958,Oliver Reed
1959,Cher
1960,Dennis Quaid
1961,Kate Beckinsale
1962,John Cleese
1963,Jess Weixler
1964,Simon Rex
1965,Craig T. Nelson
1966,Chris Rock
1967,Megan Fox
1968,Bobby Campo
1969,Jeanne Crain
1970,Greg Speirs
1971,AgustÃ_n Silva
1972,Jung Jae-young
1973,Breckin Meyer
1974,"""Shaquille ONeal"""
1975,Rebecca Hall
1976,Tiffany Dupont
1977,Idris Elba
1978,E.G. Daily
1979,James Arnold Taylor
1980,Roddy McDowall
1981,Vanessa Hessler
1982,Carroll Baker
1983,Jack Holt
1984,Piper Perabo
1985,Jennifer Aniston
1986,Marisa Coughlan
1987,James Marshall
1988,Lee Marvin
1989,Fahadh Faasil
1990,Rebecca De Mornay
1991,Stanislav Boklan
1992,Jake Johnson
1993,Noah Hathaway
1994,Resmine Atis
1995,Hiroyuki Ikeuchi
1996,Nicholas Blandullo
1997,_“__Ñ€_´_°__ ___¸Ñ‡_¸Ñ›
1998,Beau Bridges
1999,Charlotte Henry
2000,Camilla Belle
2001,David Boreanaz
2002,Igor Petrenko
2003,Murray Bartlett
2004,Jason James Richter
2005,Bruce Dern
2006,Brit Morgan
2007,Charles Bronson
2008,William Baldwin
2009,Jordan Ladd
2010,Jennifer Westfeldt
2011,Fionn Whitehead
2012,Takuya Kimura
2013,Cliff DeYoung
2014,May Clark
2015,Hayley Atwell
2016,Samuel L. Jackson
2017,Natalie Alyn Lind
2018,Diane Lane
2019,Michele Riondino
2020,Trevante Rhodes
2021,Alexander Nathan Etel
2022,"""Terry OQuinn"""
2023,Rupert Friend
2024,Bruce Payne
2025,Taylor Schilling
2026,Mark Frechette
2027,Geoffrey Rush
2028,Vincent Desagnat
2029,Kelly Macdonald
2030,Marco Leonardi
2031,Anton Shagin
2032,Andy Warhol
2033,Javier Bardem
2034,Viktor Mikhaylov
2035,BÃ©rÃ©nice Bejo
2036,Adelaide Clemens
2037,Scott Elrod
2038,Ellen Muth
2039,Cloris Leachman
2040,Nargess Mamizadeh
2041,Tom Kenny
2042,Sihung Lung
2043,Alfre Woodard
2044,"""Kieran OBrien"""
2045,Witney Carson
2046,Virginia Madsen
2047,Gabriel Byrne
2048,Bradford Dillman
2049,Sylvester Stallone
2050,Junichi Okada
2051,Michael Cera
2052,Jennifer Lawrence
2053,Baki Davrak
2054,Sergey Garmash
2055,Patrick Wayne
2056,Siddharth
2057,Gordon MacRae
2058,Adam Scott
2059,Madlen Dzhabrailova
2060,Vasily Stepanov
2061,Emily Blunt
2062,Birgitte Hjort SÃ¸rensen
2063,Scott Adkins
2064,Donald Austin
2065,Mitch Cohen
2066,James Marsden
2067,"""Rickey DShon Collins"""
2068,Michael B. Jordan
2069,Lasse Kolsrud
2070,Adrian Rawlins
2071,Ricardo Meneses
2072,Paul Newman
2073,"""Qorianka Kilcher"""
2074,Jason Patric
2075,Judy Marte
2076,Teresa Palmer
2077,Amanda Peet
2078,Thomas Kretschmann
2079,Matthew Goode
2080,Aleksey Filimonov
2081,Espen Edvartsen
2082,Michael Murphy
2083,Erin Fisher
2084,Ron Livingston
2085,Nicole de Boer
2086,Justin Timberlake
2087,Alan Arkin
2088,Norm Macdonald
2089,Jonathan Cherry
2090,Levi Miller
2091,Daryl Sabara
2092,Catherine Deneuve
2093,Judy Garland
2094,Kane Hodder
2095,Joe Morton
2096,Jennifer Rubin
2097,Stephen Baldwin
2098,Raquel Welch
2099,Todd Field
2100,John Savage
2101,"""Brendan OCarroll"""
2102,Lamberto Maggiorani
2103,Jeremy Piven
2104,Ivan Okhlobystin
2105,Raoul Bova
2106,Walter Pidgeon
2107,June Ayers
2108,David Suchet
2109,Nicoletta Braschi
2110,Sergey Shakurov
2111,Rider Strong
2112,MaÃ¯ Anh Le
2113,Jay Brazeau
2114,Frank Rautenbach
2115,Matt Johnson
2116,Louise Grinberg
2117,Presley Chweneyagae
2118,Joe Bishop
2119,Christopher Lloyd
2120,Masako Nozawa
2121,Valerio Mastandrea
2122,Garrett Hedlund
2123,Aaron Stanford
2124,Roman Wilhelmi
2125,William Brent
2126,Ben Silverstone
2127,Talia Zucker
2128,Brooke Shields
2129,Eminem
2130,Agniya Ditkovskite
2131,Ice Cube
2132,Ioan Gruffudd
2133,Zach Cregger
2134,Pat Morita
2135,Stephan James
2136,Carice van Houten
2137,Tommy Lee Jones
2138,Derek Hough
2139,Michael Rapaport
2140,Tony Goldwyn
2141,Ali MacGraw
2142,Haruhiko KatÃ´
2143,Joe Alwyn
2144,Paul Schneider
2145,Shirley MacLaine
2146,Ellen Burstyn
2147,Nancy Allen
2148,Warren Oates
2149,Gary Oldman
2150,Christopher Reid
2151,J. J. Feild
2152,Peter Paul
2153,Keira Knightley
2154,Danny Trejo
2155,Robin Bartlett
2156,Ben Gazzara
2157,Felicity Jones
2158,Ryosuke Watabe
2159,CÃ©cile de France
2160,ChloÃ« Grace Moretz
2161,Craig Wasson
2162,Chris Sarandon
2163,Yul Brynner
2164,Keri Russell
2165,DÃ©sirÃ©e Nosbusch
2166,Ajith Kumar
2167,Ed Helms
2168,Mick Partridge
2169,Alexander SkarsgÃ¥rd
2170,PenÃ©lope Cruz
2171,Jimmy Shergill
2172,Mohanlal
2173,Eli Marienthal
2174,Casper Van Dien
2175,Paul Kaye
2176,James Earl Jones
2177,Ken Takakura
2178,Melissa McCarthy
2179,Kate McNeil
2180,Michael Rennie
2181,Ricky Schroder
2182,Jim Caviezel
2183,Gene Kelly
2184,Piolo Pascual
2185,Mary Costa
2186,Pierce Brosnan
2187,Garance Marillier
2188,"""Dylan OBrien"""
2189,Rumer Willis
2190,Patrick Swayze
2191,Holly Hunter
2192,Christopher Reeve
2193,Richard Johnson
2194,Kevin Gage
2195,Jason Schwartzman
2196,Leonid Barats
2197,Chief Thundercloud
2198,Gene Tierney
2199,Dacre Montgomery
2200,Catherine Hicks
2201,Method Man
2202,Paula Patton
2203,David Emge
2204,Gary Busey
2205,Felicity Huffman
2206,Simon Chuckster
2207,David Dastmalchian
2208,Yang Ik-june
2209,Kristen Stewart
2210,Alec Baldwin
2211,Will Forte
2212,Anne-Marie Loop
2213,Harman Baweja
2214,Kinga Preis
2215,James Purefoy
2216,Tom Atkins
2217,Paul Gross
2218,Li Yu-Chun
2219,Eddie Garcia
2220,Pat Oâ€™Brien
2221,Jenna Dewan
2222,David Fandila
2223,Emily Deschanel
2224,James Karen
2225,Jim Cummings
2226,Shelley Hennig
2227,Tracey Ullman
2228,Jeff Speakman
2229,Priscilla C. Shirer
2230,Eddie Redmayne
2231,Kim Director
2232,Alden Ehrenreich
2233,Sydney Greenstreet
2234,Derek Luke
2235,Anupam Kher
2236,Patrick Macnee
2237,Cassidy Gifford
2238,Anne Dorval
2239,Liam Hemsworth
2240,Bruce Davison
2241,Simon Pegg
2242,Ben Browder
2243,Joel Courtney
2244,Liza Minnelli
2245,Juan JosÃ© Campanella
2246,Diane Kruger
2247,Dorothy Stratten
2248,AilÃ_n Salas
2249,Wang Baoqiang
2250,Christopher Toler
2251,Edie Falco
2252,Peter Cushing
2253,Patricia Tallman
2254,Guillaume Canet
2255,Daniel Wu
2256,James Blackwell
2257,Jurnee Smollett
2258,James Dean
2259,Anthony Anderson
2260,Marcello Mastroianni
2261,Adam Bousdoukos
2262,Tobias Menzies
2263,Tyler Perry
2264,Bai Baihe
2265,"""OShea Jackson Jr."""
2266,Christopher Severio
2267,Ray Romano
2268,Jennifer Lopez
2269,Rachel York
2270,Dylan McDermott
2271,Laura Ramsey
2272,Sergei Astahov
2273,Andy Rodoreda
2274,Michael Legge
2275,Sidney Poitier
2276,Ben Cross
2277,Kerwin Mathews
2278,Maggie Gyllenhaal
2279,Loreto Peralta
2280,Gene Barry
2281,Jeffrey Falcon
2282,Yusuke Iseya
2283,Fernanda Andrade
2284,Charlotte Roche
2285,James Corden
2286,Joey Lawrence
2287,Jodie Foster
2288,Ally Walker
2289,Rhona Mitra
2290,Sam Callis
2291,Lloyd Nolan
2292,Gabriel Damon
2293,Joanna David
2294,Thom Mathews
2295,Shahid Kapoor
2296,Ben Winchell
2297,Parker Stevenson
2298,Song Kang-ho
2299,Tom Felton
2300,Colin Friels
2301,Malin Ã…kerman
2302,Andrey Muravyov
2303,Alison Elliott
2304,Agata Trzebuchowska
2305,Clint Eastwood
2306,Allison Hayes
2307,Arch Hall Jr.
2308,Zhao Wei
2309,Jake T. Austin
2310,Miles Teller
2311,Richard Pryor
2312,Clive Owen
2313,N!xau
2314,Kseniya Rappoport
2315,Jeff Goldblum
2316,Eli Roth
2317,Marcell Nagy
2318,Barry Pepper
2319,Kathy Bates
2320,Brian Keith Allen
2321,Ari Folman
2322,Charlie Trairat
2323,Dana Carvey
2324,Akira Terao
2325,Kate Bosworth
2326,Elena Lyadova
2327,Dakota Blue Richards
2328,Graciela Borges
2329,Kofi Ghanaba
2330,Elle Fanning