,0
0,Ami Ayalon
1,Valeriya Lanskaya
2,Andrew Divoff
3,Mike Maas
4,RaÌ¼l JuliÌÁ
5,Billy Connolly
6,Campbell Scott
7,Pierre Niney
8,Shari Albert
9,Michael Pitt
10,Sonny Bono
11,Martin Speer
12,Virginia Mayo
13,Adam Rayner
14,Neil Patrick Harris
15,Lon Chaney
16,Ralph Fiennes
17,Mannara Chopra
18,Jocelin Donahue
19,Orson Welles
20,Kim Rossi Stuart
21,Steven Bauer
22,Shane McDermott
23,Colin Farrell
24,Gemma Arterton
25,William Gillette
26,Kari Heiskanen
27,Hayley Orrantia
28,Trey Parker
29,Paul Michael LÌ©vesque
30,Bud Abbott
31,Mena Suvari
32,Riz Ahmed
33,Shabana Azmi
34,Linda Blair
35,Mads Mikkelsen
36,Francesc Colomer
37,Juliane KÌ¦hler
38,Jon Foster
39,Carla Gugino
40,Kelan Pannell
41,LudÝk Munzar
42,Micheal Catalano
43,Jerry Springer
44,Zachary Levi
45,Chadwick Boseman
46,Fransisco Arruda
47,Charlie Tahan
48,Marki Bey
49,Margaret Colin
50,Peter Dinklage
51,James Ransone
52,JoaquÌ_n Cosio
53,Gary Cooper
54,Stephen Nichols
55,Steve Guttenberg
56,Fabio De Luigi
57,Bill Maher
58,Johnny Yong Bosch
59,Emily Barclay
60,Basil Rathbone
61,Vladimir Mashkov
62,Olga Sutulova
63,Ingvar Eggert SigurÌ¡sson
64,Maz Jobrani
65,Om Puri
66,Kurt Thomas
67,Fred Ward
68,Merle Oberon
69,Tom Payne
70,William Hurt
71,Angela Bettis
72,Grant Bardsley
73,John Mills
74,Barret Oliver
75,Jack Mulhall
76,Maren Ade
77,Kuno Becker
78,Morgan Spurlock
79,Zac Efron
80,Anthony Quinn
81,Nicolas Cage
82,George Clooney
83,Vern Stierman
84,Pete Postlethwaite
85,Shameik Moore
86,Stephen Lack
87,Michael Ealy
88,Al Gore
89,Denis Nikiforov
90,Joseph E. Murray
91,David Keith
92,Amanda Bynes
93,Alina Babak
94,Audie Murphy
95,Charles Grodin
96,Vishnu Vishal
97,Jamie Chung
98,Philip Seymour Hoffman
99,Maximilian Schell
100,Svetlana Khodchenkova
101,John Magaro
102,Benjamin Bratt
103,Dmitriy Sharakois
104,Ben Kingsley
105,Kim Hye-ja
106,Will Arnett
107,Madeline Carroll
108,Shailene Woodley
109,Christian Bale
110,Roma Downey
111,Hwang Jung-min
112,Silvio Berlusconi
113,Dulquer Salmaan
114,Heather Beers
115,"""Jack OConnell"""
116,Fumiyo Kohinata
117,James Spader
118,Ananda Everingham
119,Anessa Ramsey
120,Katie Jarvis
121,Andy GarcÌ_a
122,Patrick Warburton
123,Franka Potente
124,Jake Hoffman
125,"""Scott Carrot Top Thompson"""
126,Ulrich MÌ_he
127,Will Shortz
128,Varun Sandesh
129,Ashley Olsen
130,Blake Woodruff
131,Nikola Rakoevià
132,Emilie de Ravin
133,Leonid Bichevin
134,Emo Philips
135,Martina Gedeck
136,Edith Meeks
137,Kevin Bernhardt
138,Naseeruddin Shah
139,Mabel Normand
140,Ajay Devgn
141,Lois Alexander
142,Michael Caton
143,Lisa Ann
144,Dominic Cooper
145,Susan Buice
146,C. Thomas Howell
147,Piper Laurie
148,Robert Stephens
149,Jeff Fahey
150,KÌ«ichi Hayashi
151,Arthur Hill
152,Jordan Peele
153,Nash Edgerton
154,Tomer Sisley
155,Aml Ameen
156,Toni Collette
157,Erin Cottrell
158,Matt Damon
159,Antonio Albanese
160,Trisha Todd
161,Alan King
162,Molly Shannon
163,Christopher Walken
164,Laura Camien
165,Elisabeth Shue
166,Shima Iwashita
167,Marlee Matlin
168,Mark Wahlberg
169,Xu Zheng
170,Zhao Benshan
171,Fred Williamson
172,Javed Sheikh
173,Alan Young
174,Larry the Cable Guy
175,John Gielgud
176,Veronica Taylor
177,Michael Angarano
178,Senta Berger
179,Gary Dourdan
180,Dax Shepard
181,Lil Dagover
182,Tsutomu Yamazaki
183,Danny McBride
184,Bruce Reitherman
185,Tom Burlinson
186,Bela Lugosi
187,Laurence Fishburne
188,Nicole Grimaudo
189,Thomas Horn
190,Kristina Asmus
191,Konstantin Khabenskiy
192,Keisha Castle-Hughes
193,Tom Everett Scott
194,Rica Matsumoto
195,Takehiro Murata
196,Barney Clark
197,Vladimir Ilin
198,Ice-T
199,Josh Duhamel
200,Robert Mitchum
201,Yosuke Eguchi
202,Hui Lou Chen
203,Melinda Clarke
204,Danny Elfman
205,Peter Falk
206,Shereef Akeel
207,Eric Stoltz
208,Simon Baker
209,Sid Haig
210,Fernando FernÌÁn GÌ_mez
211,Kellan Lutz
212,Amy Sedaris
213,Steve Martin
214,Brian Bedford
215,Lewis MacDougall
216,Christopher Scott Cherot
217,Estella Warren
218,Sergei Bodrov Jr.
219,Dolly Read
220,Tyrese Gibson
221,Kevin Hart
222,Jason Clarke
223,Paul Hubschmid
224,Katie Holmes
225,Glen Campbell
226,Michael Shannon
227,Kevin Farley
228,SofÌ_a Espinosa
229,Ivo Pietzcker
230,Mark Hapka
231,Cameron Diaz
232,Simon Abkarian
233,Jason Yachanin
234,Leonid Kuravlyov
235,Vikram
236,Brad Davis
237,John Corbett
238,Melih SelÌ¤uk
239,Julianne Hough
240,GÌ_neÙ Nezihe _ensoy
241,Derek Jacobi
242,Rob Corddry
243,Rutina Wesley
244,Jonathon Trent
245,Blake Lively
246,Hend Ayoub
247,Samuel Anderson
248,Irene Dunne
249,Harry Guardino
250,Romola Garai
251,Odette Annable
252,Adrian Titieni
253,Chris Warren
254,Kevin Zegers
255,Ricky Gervais
256,Richard Armitage
257,RaÌ¼l ArÌ©valo
258,David Hedison
259,Claudette Colbert
260,Deems Taylor
261,Leea Klemola
262,Michelle Krusiec
263,Louie Leonardo
264,Ron Moody
265,Anna Karina
266,Geena Davis
267,Chuck Norris
268,"""Catherine OHara"""
269,Lee Scott
270,Paul Fenech
271,Leigh Whannell
272,Adam Greaves-Neal
273,Aubrey Plaza
274,Ben Barnes
275,"""Paige OHara"""
276,Bernie Mac
277,Wes Bentley
278,Niklas Ulfvarson
279,Huang Bo
280,Eitan Cunio
281,Omar Metwally
282,MÌ_nica del Carmen
283,Kristanna Loken
284,Kate Mara
285,Sammo Hung
286,Ellis Cashmore
287,Julie Harris
288,JesÌ¼s Ochoa
289,Edward G. Robinson
290,Jessica Tandy
291,Leelee Sobieski
292,Jonathan Rhys Meyers
293,Denis Leary
294,Phyllis Thaxter
295,Lily James
296,DemiÌÁn Bichir
297,Joel David Moore
298,Julie Andrews
299,Simone Simon
300,Ron Perlman
301,Dany Boon
302,Craig Sheffer
303,Frank Grillo
304,"""Jerry OConnell"""
305,Park Joong-hoon
306,Stuart Townsend
307,John Cena
308,Sam Hennings
309,"""Peter OToole"""
310,Rachel McAdams
311,Jason Priestley
312,Janne HyytiÌ_inen
313,James Rolleston
314,Koji Yakusho
315,Peter Berg
316,James Franco
317,Darlanne Fluegel
318,Jay Baruchel
319,Jamie Campbell Bower
320,Mary Kay Place
321,Vince Vaughn
322,Jared Harris
323,Adelelmo Jimenez
324,Henry Fonda
325,Rocky Mayor Anderson
326,Shauna Macdonald
327,Sean Young
328,Tom Waits
329,Kim Kkobbi
330,Jim Parsons
331,Harry Dean Stanton
332,Lucas Black
333,Kristin Scott Thomas
334,Katherine Heigl
335,Brandon Lee
336,ZsÌ_fia Psotta
337,Farrah Fawcett
338,Hattie Morahan
339,Zhang Ziyi
340,"""Nicholas DAgosto"""
341,J.J. Johnson
342,David Roberts
343,Jan-Michael Vincent
344,Bob Hoskins
345,Eddie Albert
346,Zdena StudÌ©nkovÌÁ
347,Richard Coyle
348,Shun Oguri
349,Clark Gable
350,Danielle Panabaker
351,M. Emmet Walsh
352,Bono
353,Yuliya Vysotskaya
354,Billy Crystal
355,Lee Min-ki
356,Michael Parks
357,Philip Michael Thomas
358,Timothy Hutton
359,Mikhail Boyarskiy
360,Stephen McHattie
361,Nastassja Kinski
362,Matthew Perry
363,Norah Jones
364,"""Taavale"""
365,Lilith Stangenberg
366,Robert Englund
367,Robert Hays
368,Vladimir Garin
369,Maggie Cheung
370,Kate Capshaw
371,Victor Lundin
372,John Travolta
373,Eli Wallach
374,Jimi Mistry
375,Madina Nalwanga
376,Zhang Lei
377,Thomas McHugh
378,Kevin Smith
379,Zoe Weizenbaum
380,Brad Pitt
381,Bill Nighy
382,David Rasche
383,Christopher Guard
384,Debbie Reynolds
385,William Shatner
386,Kristen Connolly
387,Carmina Villaroel
388,Samira Maas
389,Bradley Cooper
390,Goran Visnjic
391,David Niven
392,Joan Crawford
393,Hailee Steinfeld
394,Jakob Oftebro
395,Imran Khan
396,Charles Laughton
397,Christopher Eccleston
398,Cedric Hardwicke
399,Fiona Glascott
400,Amy Schumer
401,Jean-Claude Brialy
402,Ty Burrell
403,Aqib Khan
404,Natalie Press
405,Tshewang Dendup
406,Tony Barry
407,David Strathairn
408,Yoshiko Tanaka
409,Natasha Henstridge
410,Hank Azaria
411,Imogen Poots
412,Glynis Johns
413,Sarah Jessica Parker
414,Logan Lerman
415,Vivica A. Fox
416,Alyson Hannigan
417,Paddy Considine
418,Gabrielle Union
419,"""Josh Skreech Sandoval"""
420,Scott Weinger
421,Stephanie Leonidas
422,Edward Norton
423,Agnes Bruckner
424,Charles King
425,Martin Escudero
426,Lutz Dammbeck
427,Norma Aleandro
428,Tang Wei
429,Krysten Ritter
430,Parker Posey
431,Giovanni Ribisi
432,Elisha Cuthbert
433,Izzy Diaz
434,Mariangela Melato
435,Debra Messing
436,Johnny Simmons
437,Taimak
438,Josh Hutcherson
439,Kaoru Kobayashi
440,Michelle Trachtenberg
441,Dan Futterman
442,Mireille Darc
443,Moon Jeong-hee
444,Aimee Teegarden
445,Tatsuya Fujiwara
446,Christopher Lee
447,Kristina Orbakayte
448,Lena Dunham
449,Jamie Dornan
450,Ryan Carnes
451,Courteney Cox
452,Barry McEvoy
453,Rose McGowan
454,Sophie Marceau
455,Luke Perry
456,Ray Milland
457,Nate Parker
458,Ian Carmichael
459,Robert Patrick
460,Pavel LiÁka
461,Robin Williams
462,Chang Chen
463,Tom Welling
464,Jensen Ackles
465,Eric Wareheim
466,Robert Downey Jr.
467,T.J. Miller
468,Elizabeth Olsen
469,Aneurin Barnard
470,Bette Davis
471,John Barrymore
472,Alan Alda
473,Eric Bogosian
474,Allison Miller
475,Chris Pine
476,Franchot Tone
477,Nicholas Hope
478,Scott Grimes
479,Clifton Collins Jr
480,Bill Pullman
481,David Byrne
482,David Tennant
483,Greta Gerwig
484,Tom Cullen
485,Holly Marie Combs
486,Ilene Woods
487,Morgan Freeman
488,Indira Varma
489,Birce Akalay
490,George Peppard
491,Richard Joseph Paul
492,Gwyneth Paltrow
493,Alison Lohman
494,Fernando Alves Pinto
495,Janet McTeer
496,Jean-Paul Belmondo
497,Lana Turner
498,Aidan Quinn
499,Jean-Claude Van Damme
500,Forest Whitaker
501,Patrick Fugit
502,Dave Chappelle
503,Lewis J. Stadlen
504,Leslie Easterbrook
505,Candace Evanofski
506,David Naughton
507,Ben Stein
508,Jennifer Grey
509,Philippe Labro
510,Erica Gavin
511,Ali Larter
512,Bo Derek
513,Ann Altieri
514,Zoe Sloane
515,AnnaSophia Robb
516,Diana Wynyard
517,Jane Alexander
518,Jelly Lin
519,Gregory Smith
520,Vera Farmiga
521,Maâgorzata Foremniak
522,Silambarasan
523,Takeshi Kitano
524,Joey King
525,Sunny Pawar
526,Jacques Briere
527,Phyllis Haver
528,Eric Allan Kramer
529,Sarah Michelle Gellar
530,Jay Chou
531,Burt Lancaster
532,Helen Hunt
533,Max Riemelt
534,Dane DeHaan
535,Michael Jai White
536,Arjun Sarja
537,Danny Glover
538,Gregory Peck
539,Chris Sanders
540,Talia Shire
541,Kathleen Turner
542,Nick Cannon
543,Michael Douglas
544,David Essex
545,Josefin Asplund
546,Richard Dutcher
547,Tyrone Burton
548,Michelle Morgan
549,Rick Malambri
550,Annabeth Gish
551,Zachary Gordon
552,Yji Matsuda
553,Sonam Kapoor
554,Prabhas
555,Marion Cotillard
556,Tom Selleck
557,James Mason
558,Saif Ali Khan
559,Jonathan Taylor Thomas
560,Fabio Volo
561,Britt Robertson
562,Lubna Azabal
563,Michel Blanc
564,Mikko Nousiainen
565,Bette Midler
566,Corey Haim
567,Stany Crets
568,Michael Moore
569,Jean Dujardin
570,Ray Stevenson
571,Tom Berenger
572,J.K. Simmons
573,Brad Dourif
574,Claudio Bisio
575,Marat Basharov
576,Shankar Mahadevan
577,William Petersen
578,Ingrid GuimarÌ£es
579,Anton Yelchin
580,Patrick Wilson
581,Daniel Gillies
582,Anil Kapoor
583,Valeria Bruni Tedeschi
584,Tom Hulce
585,Ian McKellen
586,Richard Arlen
587,Lorraine Gary
588,William Mapother
589,Pyotr Zinovyev
590,Isabel Jeans
591,Kajol
592,Liu Ye
593,Robert Redford
594,Margaret Lockwood
595,Roy Dupuis
596,Josh Zuckerman
597,Stellan SkarsgÌ´rd
598,Charlie Yeung
599,Rebecca Gomperts
600,Keir Dullea
601,Carol Burnett
602,David Thewlis
603,Reina Triendl
604,Gaspard Schlatter
605,David Andrews
606,Bill Griffith
607,Natasha Rinis
608,Lake Bell
609,Kathryn Beaumont
610,Wallace Beery
611,Ben Stiller
612,Sara Paxton
613,Nola Roeper
614,Nia Vardalos
615,Traci Lords
616,GÌ©rard Depardieu
617,Son Ye-jin
618,Rodrigo Santoro
619,Charles Coburn
620,Fred Astaire
621,Gugu Mbatha-Raw
622,Kyle MacLachlan
623,Lindsay Duncan
624,Robert Armstrong
625,Angelina Jolie
626,Rupert Everett
627,Richard Attenborough
628,William Holden
629,Kirk Douglas
630,Clu Gulager
631,Michelle Monaghan
632,Matt Czuchry
633,Alessandro Nivola
634,Nat Wolff
635,Kimberly Elise
636,Cezary Pazura
637,Vera Brezhneva
638,Aaron Taylor-Johnson
639,Rod Taylor
640,Pawan Kalyan
641,Carey Mulligan
642,Alex Pettyfer
643,Bridget Fonda
644,Liev Schreiber
645,Liv Ullmann
646,Roddy Piper
647,Joseph Gordon-Levitt
648,Vijay Sethupathi
649,Charlize Theron
650,Barbara Parkins
651,Victoria Justice
652,Charlotte Rampling
653,Buster Crabbe
654,Timothy Dalton
655,Kim Seung-woo
656,Hiroshi Mikami
657,Paul Giamatti
658,Sarah Polley
659,Cees Geel
660,Ellen Barkin
661,Chiwetel Ejiofor
662,Lily Collins
663,Kieran Culkin
664,Jerry Lewis
665,Tobey Maguire
666,Peter Stormare
667,Martin Rapold
668,Nazriya Nazim
669,Chelcie Ross
670,Jesse Metcalfe
671,Tony Ail
672,Mae West
673,Mickey Rooney
674,Marie Dressler
675,Tom Tyler
676,Kevin Conway
677,Karin Bertling
678,James Allen McCune
679,Kevin Pollak
680,Maxim Gaudette
681,Howard Rollins
682,Jim Belushi
683,Donnie Dunagan
684,_Ï__ÛÛ_ü _¤_µâ___¡â
685,Christine Hargreaves
686,Tom Schilling
687,Louise Brooks
688,Warwick Davis
689,Tygh Runyan
690,Mitya Borisov
691,Emily Watson
692,Mandy Moore
693,Brett Granstaff
694,Dan Aykroyd
695,Richard Jordan
696,InÌ©s Sastre
697,Glenn Howerton
698,Jon Prescott
699,Ashley Bell
700,Chris Phillips
701,Kyle Catlett
702,Ben Burtt
703,George Burns
704,Barbara Hershey
705,Manoj Bajpayee
706,Paul Dano
707,Billy Campbell
708,ÌÒscar Jaenada
709,Chris Hemsworth
710,Dana Snyder
711,Gary Walker
712,Jesse Eisenberg
713,Freddie Prinze Jr.
714,Patrick Dempsey
715,Catherine Mary Stewart
716,Aileen Quinn
717,Igor Shmakov
718,Troy Donahue
719,Kenan Thompson
720,Gaspard Ulliel
721,Rebel Wilson
722,Rocky McKenzie
723,Lauren Bacall
724,Scott Mechlowicz
725,Matthew Macfadyen
726,Regina Advento
727,Don Cheadle
728,Randolph Scott
729,Ayesha Dharker
730,Kevin Sorbo
731,Claire Trevor
732,Jaime Pressly
733,Griffin Gluck
734,Jim Sturgess
735,GrÌ©goire Ludig
736,Ming-Na Wen
737,Simon Yam
738,Sanjay Dutt
739,Dan Mor
740,Manuel Vignau
741,Randy Norton
742,Paula GarcÌ©s
743,Emma Roberts
744,Olivia Taylor Dudley
745,Cybill Shepherd
746,Diane Keaton
747,Luke Evans
748,"""Josh OConnor"""
749,Stephen McGann
750,Lee Byung-hun
751,Sylvia Kristel
752,Anamaria Marinca
753,Lee Chun-hee
754,Dr. Dre
755,Diego Luna
756,Kevin Heffernan
757,Keanu Reeves
758,David Oyelowo
759,Jennifer Coolidge
760,Eleni Kastani
761,50 Cent
762,Donatas Banionis
763,Jake Gyllenhaal
764,Katie Featherston
765,Rachael Leigh Cook
766,Dustin Hoffman
767,Dmitriy Endaltsev
768,Janet Gaynor
769,Rosanna Arquette
770,Mel Brooks
771,Annie Liu
772,Emilia Clarke
773,Danny Denzongpa
774,Robert Loggia
775,Matthias SchweighÌ¦fer
776,Nathan Fillion
777,Peter MacNicol
778,Chris Kattan
779,Andrew Robinson
780,Wesley Snipes
781,Frances Conroy
782,Jonathan Blow
783,Cliff Robertson
784,Betty Grable
785,Catherine Keener
786,Jacob Latimore
787,Lillian Gish
788,Efim Petrunin
789,Wu Jing
790,Dan Monahan
791,Carmen Electra
792,Alan Tudyk
793,QuvenzhanÌ© Wallis
794,Laurence Olivier
795,Martin Sheen
796,Hideaki Ito
797,Melvil Poupaud
798,Erika Christensen
799,Vin Diesel
800,Everlyn Sampi
801,Shehzad Sheikh
802,Jennifer Morrison
803,Samy Naceri
804,Max Irons
805,Jennifer Garner
806,Elizabeth Mitchell
807,Casey Affleck
808,Amy Poehler
809,Katja Riemann
810,Hugh Grant
811,Zooey Deschanel
812,Ilka Bessin
813,Ray Liotta
814,Ginnifer Goodwin
815,Asa Butterfield
816,Andy Samberg
817,James Garner
818,Chow Yun-fat
819,Ralph Macchio
820,Kate Tsui
821,Michael Fassbender
822,Russell Brand
823,Benedict Cumberbatch
824,Til Schweiger
825,John C. Reilly
826,Helen McCrory
827,Sean Garlick
828,Gabriele Caprio
829,James McAvoy
830,Daisy Ridley
831,Katee Sackhoff
832,Yvette Mimieux
833,Mark Hamill
834,Kristin Kreuk
835,Miou-Miou
836,"""Morgana OReilly"""
837,Jenna Fischer
838,Bodil JÌürgensen
839,Robert De Niro
840,Adrien Brody
841,Shin Ha-kyun
842,Carl Brisson
843,Ernst-Hugo JÌ_regÌ´rd
844,Julian Sands
845,Eric Roberts
846,Shad Moss
847,Joe Cross
848,Ted Danson
849,Matthew Le Nevez
850,Howard Keel
851,Joseph Fiennes
852,Chris Makepeace
853,Sissy Spacek
854,Gal Gadot
855,Terence Knox
856,Tim Allen
857,Alan Rickman
858,Karlheinz BÌ¦hm
859,Brittany Murphy
860,Chris Stafford
861,Liv Tyler
862,Iris Apfel
863,Yekaterina Gorokhovskaya
864,Jude Law
865,John Saxon
866,Salma Hayek
867,Charlie Cox
868,Sean Faris
869,Aleksandr Abdulov
870,Karina Smulders
871,Barry Newman
872,Javal Davis
873,Ho-jeong Yu
874,Katharine Ross
875,Mila Kunis
876,Elvis Presley
877,Suraj Sharma
878,Mads Ousdal
879,Robert Hill
880,Fernanda Montenegro
881,Hideo Sakaki
882,Liam Boyle
883,Naomi Watts
884,Jeff Clark
885,Snoop Dogg
886,Prince
887,Helena Bonham Carter
888,Anand Patwardhan
889,Mira Sorvino
890,Michiel Huisman
891,Owen Wilson
892,Alex D. Linz
893,Kevin Spacey
894,Matt Day
895,Scott Walker
896,Marisa Tomei
897,Anne Hathaway
898,Abigail Breslin
899,Madonna
900,Bernadette Peters
901,Susan Sarandon
902,Jason Bateman
903,Gad Elmaleh
904,Aaron Paul
905,Walter Matthau
906,Heike Makatsch
907,Lesley-Anne Down
908,Ellen DeGeneres
909,Kristen Miller
910,Eric Mitchell
911,Benjamin Walker
912,Lea Michele
913,Kate Winslet
914,John Leguizamo
915,Francesco Pannofino
916,Evan McGuire
917,Anna May Wong
918,Cecilia Cheung
919,Daveigh Chase
920,Richard Grieco
921,Baya Rehaz
922,Steven Seagal
923,Jada Pinkett Smith
924,Joe Swanberg
925,Eleanor Boardman
926,Andrey Krasko
927,Andrzej Chyra
928,Omkar Das Manikpuri
929,Dan Castellaneta
930,Portia de Rossi
931,GÌ¦tz George
932,Peter Strauss
933,Candy Clark
934,Billy Crudup
935,Bob Proctor
936,Phillip Glasser
937,Kou Shibasaki
938,Andre Gower
939,Maria Poezhaeva
940,Essie Davis
941,Agathe Bonitzer
942,Ethan Juan
943,Shoshana Bush
944,William Moseley
945,Stephen Dorff
946,Subcommandante Marcos
947,Sharlto Copley
948,Rachel Weisz
949,Jermaine Sullivan
950,Ray Aranha
951,Jessica Harper
952,Christopher Jacot
953,Debi Derryberry
954,Gabourey Sidibe
955,Reese Witherspoon
956,Katy Perry
957,Andy McAvin
958,Lee Majors
959,Lance Henriksen
960,Georgina Cates
961,Loren Dean
962,Daniel Tay
963,George Carlin
964,Adam Beach
965,Marilyn Burns
966,Alex Briley
967,Brandy Norwood
968,"""Ryan ONeal"""
969,Karra Elejalde
970,¾¡¾£¨åá_Ç_Ý
971,Mitsuo Iwata
972,Choi Min-sik
973,Jason Beghe
974,Bogdan Benyuk
975,Rudolph Christians
976,Don Ameche
977,Richard Burton
978,Dragan Bjelogrlià
979,Robert Evans
980,Evan Rachel Wood
981,Fernando Colunga
982,Akshay Kumar
983,Bijou Phillips
984,Alex Kendrick
985,Olivia Cooke
986,Mick Jagger
987,Anthony Rapp
988,TheodÌ_r JÌ¼lÌ_usson
989,Henry G. Sanders
990,Joel Kinnaman
991,Tori Spelling
992,Rickson Tevez
993,Richard Linklater
994,Kathleen Quinlan
995,Elizabeth Berkley
996,Lena Headey
997,Melissa George
998,Ryan Kwanten
999,Hope Davis
1000,Matt Lanter
1001,Damon Wayans
1002,Kunal Khemu
1003,Valeri Solovyev
1004,Taylor Lautner
1005,Kathryn Burns
1006,Olga Kurylenko
1007,Jessica Lange
1008,So Ji-sub
1009,Scott Bakula
1010,Horace B. Carpenter
1011,Viggo Mortensen
1012,Yul Vazquez
1013,Will Smith
1014,Viola Savoy
1015,Jon Foo
1016,Lee Jung-jae
1017,Daniel J. Travanti
1018,Ken Tanaka
1019,Kevin James
1020,Colin Hanks
1021,Michelle Nolden
1022,Sook-Yin Lee
1023,Angela Schijf
1024,Carol Block
1025,Charlie Chaplin
1026,Daniel Jordano
1027,Lindsay Lohan
1028,Kyle Walsh
1029,Dan Stevens
1030,Philippe Noiret
1031,Henry Thomas
1032,Marc Antolin
1033,Jessica Alba
1034,Christina Hendricks
1035,Jamie Bell
1036,Amy Adams
1037,J. Michael Trautmann
1038,Anne Reid
1039,Justin Whalin
1040,Ingrid Thulin
1041,Brendan Gleeson
1042,Peter Sellers
1043,Cherry Pie Picache
1044,Kemal Sunal
1045,Kevin Clash
1046,Patrick Stewart
1047,Zana Briski
1048,Jeffrey Combs
1049,Carlos Gallardo
1050,Kevin Peter Hall
1051,Queen Latifah
1052,Lori Petty
1053,Ed Asner
1054,Vincent Cassel
1055,Pyotr Fyodorov
1056,Barry Otto
1057,Nichola Burley
1058,Yuka Imoto
1059,Michael Moriarty
1060,James Coburn
1061,Charlie Hunnam
1062,Sean Astin
1063,Tula Belle
1064,Raquela Rios
1065,Tommy Snider
1066,Emmanuelle Riva
1067,Neil Dudgeon
1068,Jeff Chandler
1069,Ving Rhames
1070,Matthew McConaughey
1071,Joshua Jackson
1072,Lau Ching-Wan
1073,Sinbad
1074,Kim Darby
1075,Richard Chamberlain
1076,Marlon Brando
1077,Lance Guest
1078,Michelle Nicastro
1079,Susan Ward
1080,Danielle Harris
1081,Thierry Lhermitte
1082,Dylan Walsh
1083,Jill Clayburgh
1084,Pamela Anderson
1085,Richard Widmark
1086,Sam Rockwell
1087,RaphaÌÇl Personnaz
1088,Angela Bassett
1089,Chris Cooper
1090,Amber Tamblyn
1091,Chaney Kley
1092,Fannie Ward
1093,Fabrizio Bentivoglio
1094,Raymond Thiry
1095,Charisma Carpenter
1096,Danielle Macdonald
1097,Dhanush
1098,Clancy Brown
1099,William H. Macy
1100,Tim Curry
1101,"""Jodi Lyn OKeefe"""
1102,Victor Love
1103,Joe Mantegna
1104,John Ireland
1105,Darci Kistler
1106,Julie Delpy
1107,MÌ©lanie Thierry
1108,Julianne Moore
1109,Evgeny Mironov
1110,Chaim Topol
1111,Scout Taylor-Compton
1112,Peter Liapis
1113,Mia Wasikowska
1114,Michael Redgrave
1115,Mikhail Galustyan
1116,Jack Buchanan
1117,Ken Watanabe
1118,Charlotte Frogner
1119,Robert John Burke
1120,Brady Corbet
1121,Martin Short
1122,Dane Clark
1123,Malcolm McDowell
1124,Bob Dylan
1125,EliÌ¼ Armas
1126,Katie Cassidy
1127,Mirai Shida
1128,Scott Baio
1129,Robert Taylor
1130,Bob Holt
1131,Kirk Alyn
1132,Mary Elizabeth Winstead
1133,Andrea Riseborough
1134,Olivia Newton-John
1135,Justin Chatwin
1136,Barbara Sarafian
1137,Tom Hanks
1138,Jimmy Bennett
1139,Sanaa Lathan
1140,Nick Frost
1141,Shawn Wayans
1142,Ryan Robbins
1143,TÌ_rkan _oray
1144,Ashley Scott
1145,Alex Frost
1146,Christopher Plummer
1147,Timothy Spall
1148,Anwar Congo
1149,AgnÌ¬s Jaoui
1150,Simon Baron-Cohen
1151,Vanessa Redgrave
1152,Ramon Novarro
1153,Sophia Loren
1154,Vanilla Ice
1155,Nick Pickard
1156,Shane Carruth
1157,Judy Davis
1158,Mohammad Jawad
1159,Camilla Luddington
1160,Rumi Hiiragi
1161,Chris Eigeman
1162,Hani Adel
1163,Tom Cruise
1164,"""Gail OGrady"""
1165,John Lone
1166,Kimberly Beck
1167,Wil Wheaton
1168,Luke Treadaway
1169,Muhammad Ali
1170,Anna Bolshova
1171,Burt Reynolds
1172,Brendan Sexton III
1173,Olivia Hussey
1174,Daryl Hannah
1175,D. B. Sweeney
1176,Julian Morris
1177,Robert Carradine
1178,John Neville
1179,Ricardo DarÌ_n
1180,Bud Spencer
1181,Leonor Varela
1182,Halle Berry
1183,Stephen Rea
1184,Norma Shearer
1185,Heather Matarazzo
1186,Alan Cumming
1187,Brigitte Helm
1188,SaÌød Taghmaoui
1189,Chase Masterson
1190,Dana Kimmell
1191,Elizabeth Taylor
1192,Toshir Mifune
1193,Kirby Heyborne
1194,Debra Winger
1195,Max Brebant
1196,Juno Temple
1197,Anita BjÌ¦rk
1198,Hitomi Kuroki
1199,Melina Mercouri
1200,Stephen McNally
1201,Lea Thompson
1202,Yuria Nara
1203,Miley Cyrus
1204,Kurt Russell
1205,Maya Bulgakova
1206,Terrence Jenkins
1207,Douglas Fairbanks
1208,Drew Barrymore
1209,Melanie Griffith
1210,Dorian Corey
1211,Ruby Barnhill
1212,Danielle Ryan Chuchran
1213,Julie Benz
1214,Brad Johnson
1215,Peter Horton
1216,Gabrielle Anwar
1217,Freddie Highmore
1218,Leonard Mann
1219,Marques Houston
1220,Austin Nichols
1221,Max von Sydow
1222,Sergei Makovetsky
1223,Marc Singer
1224,Harrison Ford
1225,Patsy Garrett
1226,Will Beinbrink
1227,Broderick Crawford
1228,Zana Marjanovià
1229,Daniel Kaluuya
1230,Anna Paquin
1231,Warner Baxter
1232,Robert Gemp
1233,Katherine Waterston
1234,Serdar KebapÌ¤ilar
1235,Ryan Phillippe
1236,"""Roscoe Fatty Arbuckle"""
1237,Minnie Driver
1238,Sean Maguire
1239,Arthur Brauss
1240,Peter Weller
1241,Winona Ryder
1242,Meg Ryan
1243,Omar Sharif
1244,John Hurt
1245,James Le Gros
1246,Jean-Claude Donda
1247,Theodore Roberts
1248,Juliet Stevenson
1249,Lorenza Izzo
1250,Ferdia Walsh-Peelo
1251,Scottie Thompson
1252,Hedy Lamarr
1253,Sonny Chiba
1254,Dabney Coleman
1255,Elliott Gould
1256,Ed Speleers
1257,Buster Keaton
1258,Gordon Warnecke
1259,Lyndsy Fonseca
1260,Jason Ian Drucker
1261,Ossie Davis
1262,Terence Stamp
1263,Donald Sutherland
1264,Roshan Seth
1265,Scott Eastwood
1266,James Franciscus
1267,Sam Elliott
1268,Olivia DeJonge
1269,Adam Butcher
1270,Richard Crenna
1271,Rex Harrison
1272,Barrie Ingham
1273,Armin Mueller-Stahl
1274,Ron Burrage
1275,Karen Black
1276,Cyril Raffaelli
1277,Samantha Ferris
1278,Donald Faison
1279,Jamie Kennedy
1280,Ashley Judd
1281,Kiefer Sutherland
1282,Melissa Joan Hart
1283,Kuei Ya-Lei
1284,Roger Moore
1285,"""Ed ONeill"""
1286,Alfred Abel
1287,Vladimir Turchinsky
1288,Griffin Dunne
1289,Rose Leslie
1290,"""Aulii Cravalho"""
1291,Yanina Zhejmo
1292,Diane Ladd
1293,Mark Dacascos
1294,Craig Ferguson
1295,Steve Whitmire
1296,Sean Gullette
1297,Mathieu Amalric
1298,Seann William Scott
1299,Victor Mature
1300,Manuela Velasco
1301,Dean Russell
1302,Elena An
1303,Anna Kendrick
1304,Randeep Hooda
1305,Keke Palmer
1306,Liam James
1307,Ellar Coltrane
1308,Armand Assante
1309,Josh Stewart
1310,John Heard
1311,Carol Kane
1312,Ray Wise
1313,Denise Aron-Schropfer
1314,Spencer Klein
1315,Paul Rudd
1316,David Bowie
1317,Edward Furlong
1318,Liam Neeson
1319,Hamish Linklater
1320,George Kennedy
1321,Kad Merad
1322,Gordon Jones
1323,John Payne
1324,James Lorinz
1325,Emmanuelle Vaugier
1326,Simone Spoladore
1327,Charis Michelsen
1328,Andrew Jacobs
1329,Stephen Boyd
1330,Julia Ormond
1331,Jean Simmons
1332,Elijah Wood
1333,Minna HaapkylÌ_
1334,Milla Jovovich
1335,Marie Avgeropoulos
1336,Brigitte Bardot
1337,Jim Broadbent
1338,Thomas Mann
1339,Innokentiy Smoktunovskiy
1340,James Remar
1341,Ryan Merriman
1342,Adrienne Barbeau
1343,Diana Ross
1344,Franco Nero
1345,Audrey Hepburn
1346,Barry Bostwick
1347,Annabella Sciorra
1348,Samuel Le Bihan
1349,Art Parkinson
1350,Sean Patrick Flanery
1351,Sam J. Jones
1352,Ilona Massey
1353,Peter FranzÌ©n
1354,George Lazenby
1355,Aditya Roy Kapoor
1356,T.I.
1357,Daniel Radcliffe
1358,Iko Uwais
1359,Channing Tatum
1360,Pernilla August
1361,Robert Duvall
1362,William Feng
1363,Chris Tucker
1364,Martin Lawrence
1365,Josh Lucas
1366,Patrick Timsit
1367,Rossano Brazzi
1368,Barbara Harris
1369,Tobin Bell
1370,Pulkit Jawahar
1371,BenoÌ¨t Magimel
1372,GermÌÁn Alcarazu
1373,Sergio Rubini
1374,Jeanne Tripplehorn
1375,George Bancroft
1376,Stewart Granger
1377,Sean Connery
1378,Anthony Edwards
1379,Dominique Swain
1380,Doris Svedlund
1381,Sandy Duncan
1382,Thomas Turgoose
1383,Romane Bohringer
1384,Sarah Drew
1385,Thomas F. Duffy
1386,Stepan Shkurat
1387,Ritesh Deshmukh
1388,Ken Wahl
1389,Tami Erin
1390,Isla Fisher
1391,Jason Lee
1392,Dermot Mulroney
1393,James Badge Dale
1394,Dinesh Ravi
1395,John Taylor
1396,Ranveer Singh
1397,Adam Carolla
1398,Mark Strong
1399,Parvathy Thiruvothu
1400,Dominique Pinon
1401,Nikolaj Lie Kaas
1402,Jay Mohr
1403,Michael Gambon
1404,Louis Hayward
1405,Jeff Daniels
1406,Judd Nelson
1407,Georgia Groome
1408,Brendan Fraser
1409,Mary Elizabeth Mastrantonio
1410,Zoe Lister-Jones
1411,Lacey Chabert
1412,America Ferrera
1413,Cyndi Williams
1414,Kim Cattrall
1415,Noah Schnapp
1416,Klaus Kinski
1417,Jason Trost
1418,Martin Freeman
1419,John Jarratt
1420,Brenton Thwaites
1421,Maria Molins
1422,Ansel Elgort
1423,Mark Webber
1424,Wasabi Mizuta
1425,Sheryl Lee
1426,Megan Faccio
1427,Anya Taylor-Joy
1428,Jesper Christensen
1429,Maxwell Caulfield
1430,Donald Pleasence
1431,Peter Fonda
1432,Zoe Saldana
1433,Ron Fazio
1434,Cathy Cavadini
1435,Molly Ringwald
1436,Richard Gere
1437,Lou Diamond Phillips
1438,Carl Weathers
1439,Kristoffer Joner
1440,Jack Palance
1441,Steve Harvey
1442,Christopher Abbott
1443,Jean Arthur
1444,Erin Evans
1445,Mae Murray
1446,Ben Whishaw
1447,Cyril Ritchard
1448,Nigel Terry
1449,Marina Zudina
1450,Kay Panabaker
1451,Jeffrey Hunter
1452,Domhnall Gleeson
1453,Miguel Ferrer
1454,Alfred Molina
1455,Diego Abatantuono
1456,Diogo Morgado
1457,Helen Mirren
1458,Anna Nicole Smith
1459,Michael C. Williams
1460,Carmelo GÌ_mez
1461,Jasmine Trinca
1462,Joe Cocker
1463,Paul McGann
1464,Marla Sokoloff
1465,Ellen Page
1466,"""MoNique"""
1467,Eyal Kitzis
1468,Marina Neyolova
1469,Nicole Kidman
1470,Morgan Saylor
1471,Ashley Greene
1472,Devon Sawa
1473,Samantha Morton
1474,Dudley Moore
1475,Fred MacMurray
1476,Billy Zane
1477,Richard Thomas
1478,Shia LaBeouf
1479,Linus Roache
1480,Dennis Alwood
1481,Jessica Biel
1482,Per Christian Ellefsen
1483,Richard Egan
1484,Nicole Abisinio
1485,Tom Arnold
1486,_ahan GÌ¦kbakar
1487,Vik Muniz
1488,Gina Carano
1489,John G. Brennan
1490,Melissa Leo
1491,Masey McLain
1492,Hiroki Hasegawa
1493,Nawazuddin Siddiqui
1494,Julia Dietze
1495,Annika Marks
1496,Alexis Bledel
1497,Greta Garbo
1498,Sterling Holloway
1499,Stanisâaw Brudny
1500,Ann-Margret
1501,Jordana Beatty
1502,Tyrin Turner
1503,Whitney Able
1504,Tippi Hedren
1505,Michael Pollan
1506,Caitlin Stasey
1507,Moni Moshonov
1508,Tye Sheridan
1509,Angela Tucker
1510,Tony Leung Chiu-Wai
1511,AÌøssa MaÌøga
1512,Mary Pickford
1513,Patrick Bergin
1514,Neve Campbell
1515,Jim Henson
1516,Rob Schneider
1517,Koen De Bouw
1518,Mike Epps
1519,Monica Potter
1520,George Segal
1521,Tony Jaa
1522,Sheila Vand
1523,Whitney Houston
1524,Amber Valletta
1525,Regina CasÌ©
1526,Adrian Pang
1527,Ad van Kempen
1528,Michael J. Fox
1529,Emma Stone
1530,Allan Sherman
1531,Meryl Streep
1532,Carrie-Anne Moss
1533,Jeremy Theobald
1534,Shirley Temple
1535,Matthew Broderick
1536,Seth Green
1537,Nathaniel Brown
1538,Tracy Camilla Johns
1539,David Duchovny
1540,Betty Hutton
1541,Maccio Capatonda
1542,Tom McGrath
1543,Claire Danes
1544,Scott MacDonald
1545,Lizzy Caplan
1546,Shah Rukh Khan
1547,Jason Scott Lee
1548,Blanchard Ryan
1549,Silvia Seidel
1550,Jean Marais
1551,Ed Skrein
1552,Richard Dreyfuss
1553,AndrÌ© Benjamin
1554,Jack Lemmon
1555,Christophe Malavoy
1556,Nilbio Torres
1557,Ali Suliman
1558,Glenn Close
1559,William Prince
1560,Steve Buscemi
1561,Jordana Brewster
1562,Eduardo Noriega
1563,Gregory Harrison
1564,Steven Strait
1565,AJ Michalka
1566,Nicholas Hoult
1567,Sarah Cohen-Hadria
1568,Marc Donato
1569,John Abraham
1570,Mick Foley
1571,Jessica Walter
1572,Adam Sandler
1573,Tannishtha Chatterjee
1574,Kris Kristofferson
1575,Leonid Yarmolnik
1576,Chris Klein
1577,Garret Dillahunt
1578,Georges MÌ©liÌ¬s
1579,Oliver Masucci
1580,Anthony Michael Hall
1581,Michael Carbonaro
1582,Embeth Davidtz
1583,Y±lmaz ErdoÙan
1584,Max Thieriot
1585,Alexandra Meierhans
1586,Zero Mostel
1587,David Morse
1588,William Powell
1589,Kathryn McCormick
1590,Clovis Cornillac
1591,Felicia Pearson
1592,Adam Driver
1593,Alain Chabat
1594,Bill Paxton
1595,Ekaterina Vilkova
1596,Abhishek Bachchan
1597,Gael GarcÌ_a Bernal
1598,Mary Fuller
1599,Emily Bergl
1600,Danny Kaye
1601,Joseph Kaiser
1602,Sergey Gorobchenko
1603,Phil Harris
1604,Mariya Aronova
1605,Patton Oswalt
1606,David Attenborough
1607,Andreas Lust
1608,Kit Harington
1609,Paul Bettany
1610,Steve Agee
1611,Desmond Harrington
1612,Lee Evans
1613,Patrick J. Adams
1614,Victor McLaglen
1615,Kim Basinger
1616,Ben Affleck
1617,Annette Bening
1618,Frankie Muniz
1619,Christine Cavanaugh
1620,Layla Olwy
1621,Jim Dine
1622,Deepika Padukone
1623,Angelica Lee
1624,Brie Larson
1625,Farhan Akhtar
1626,Leonor Watling
1627,Angela Redman
1628,Christopher George
1629,Mariel Hemingway
1630,Philip Baker Hall
1631,Carter Jenkins
1632,Emily Browning
1633,Jason Segel
1634,Pat Boone
1635,Freida Pinto
1636,Asia Argento
1637,Claire Holt
1638,Scott Glenn
1639,Myles Berkowitz
1640,Shane Dawson
1641,Cyrielle Clair
1642,LL Cool J
1643,Stephen Chow
1644,Rachel Dratch
1645,Jean Reno
1646,Jon Heder
1647,Helena BergstrÌ¦m
1648,"""Chris ODonnell"""
1649,Woody Harrelson
1650,June Allyson
1651,Dirk Bogarde
1652,Valerie Red-Horse
1653,Omar Epps
1654,Luke Kirby
1655,Paul Ben-Victor
1656,Alev UÌ¤arer
1657,William Kerwin
1658,Stanley Baker
1659,Al Pacino
1660,Jonah Bobo
1661,Craig Bierko
1662,Paget Brewster
1663,Kevin Costner
1664,John Krasinski
1665,Gila Almagor
1666,Roselyn SÌÁnchez
1667,Deborra-Lee Furness
1668,Sumi Shimamoto
1669,Otto Jespersen
1670,Renee Leblanc
1671,John Mellencamp
1672,Lance Bass
1673,Dwayne Johnson
1674,Ha Jung-woo
1675,Zuhab Khan
1676,Stephen Moyer
1677,Nikki Reed
1678,Carlo Cecchi
1679,Gina Lollobrigida
1680,Harriet Owen
1681,D. David Morin
1682,Gloria Jean
1683,Larry David
1684,Haley Bennett
1685,Taraji P. Henson
1686,"""Dinesh DSouza"""
1687,Frank Whaley
1688,Paul Stevens
1689,Dane Cook
1690,Shiney Ahuja
1691,Sonu Sood
1692,Tom Laughlin
1693,Jamel Debbouze
1694,Spike Lee
1695,Chyler Leigh
1696,Giuseppe Andrews
1697,Sullivan Stapleton
1698,Jeffrey Chyau
1699,"""Brian OHalloran"""
1700,Brenda Vaccaro
1701,Amy Brenneman
1702,Hilary Swank
1703,Ryan Gosling
1704,Ingrid Bergman
1705,Vyacheslav Krikunov
1706,Jami Gertz
1707,AdÌ¬le Exarchopoulos
1708,Joyce Taylor
1709,RenÌ©e Zellweger
1710,Heath Ledger
1711,Lainie Kazan
1712,Jason Biggs
1713,Jay Chandrasekhar
1714,Leslie Nielsen
1715,Ryan Cartwright
1716,Ronald Colman
1717,Oksana Akinshina
1718,Lukas Haas
1719,"""Wilbur Hi-Fi White"""
1720,Lloyd Bridges
1721,Aleksey Chadov
1722,Sam Worthington
1723,Linda de Mol
1724,Carlo Ferrante
1725,Anthony Hopkins
1726,Brenda Myers-Powell
1727,Danny Aiello
1728,LisaRaye McCoy
1729,Fredric March
1730,Kevin Dillon
1731,Chen Kun
1732,Hal Holbrook
1733,Julia Roberts
1734,Tom Cavanagh
1735,"""Emily Roya OBrien"""
1736,Peter Ustinov
1737,Howard Stern
1738,Dianna Agron
1739,Mats ÌÉhlfeldt
1740,Ross Partridge
1741,John Goodman
1742,Madhavan
1743,Steve Sandvoss
1744,Robin Shou
1745,Jesse Bradford
1746,Sridevi Kapoor
1747,Paige Turco
1748,Lily Tomlin
1749,Sudeep
1750,Dev Patel
1751,Janeane Garofalo
1752,John Candy
1753,Edward Burns
1754,Guy Pearce
1755,Heikki Silvennoinen
1756,Willem Dafoe
1757,Corinna Harfouch
1758,Felicity Mason
1759,Ian Holm
1760,Angus Macfadyen
1761,Kal Penn
1762,Tar±k Akan
1763,Priyanka Chopra
1764,Mark Addy
1765,Aziz Naser
1766,Andrew McCarthy
1767,Monica Engesser
1768,Natalie Wood
1769,Klaus Maria Brandauer
1770,Santiago Segura
1771,Teo Halm
1772,Jean-Pierre Darroussin
1773,Harry Connick Jr.
1774,Columbus Short
1775,Red Skelton
1776,Nick P. Ross
1777,BÌÁrbara Lombardo
1778,Michael Madsen
1779,Graham Chapman
1780,Jon Hamm
1781,David Hewlett
1782,Helen Hayes
1783,James Cagney
1784,Siddhi Mahajankatti
1785,Ben Foster
1786,John Huston
1787,Janet Jackson
1788,Nigel Havers
1789,Leonardo DiCaprio
1790,Macaulay Culkin
1791,James Caan
1792,Obba BabatundÌ©
1793,Rain
1794,Clara Bow
1795,Emile Hirsch
1796,Tim Ogletree
1797,Matthew Modine
1798,Bobby Driscoll
1799,Rosario Dawson
1800,Asta Nielsen
1801,Ronnie Barker
1802,Cindy Baer
1803,Kodi Smit-McPhee
1804,Ethan Hawke
1805,Giuliano Gemma
1806,Cassandra Delaney
1807,Rowan Atkinson
1808,Timothy Olyphant
1809,Bobcat Goldthwait
1810,Minka Kelly
1811,Noomi Rapace
1812,Coluche
1813,John Wayne
1814,Lauren German
1815,Sylvia Sidney
1816,Sebastian Cabot
1817,Pernille Vallentin
1818,Russell Crowe
1819,Michelle Pfeiffer
1820,Nikolaj Rasmussen
1821,Sam Waterston
1822,Robert Donat
1823,Jason London
1824,GÌ©za RÌ¦hrig
1825,Marc Blucas
1826,H.B. Halicki
1827,Isabelle Adjani
1828,Jim Carrey
1829,Toni Servillo
1830,Vittorio Gassman
1831,MarÌ_a Mercedes Coroy
1832,Penelope Ann Miller
1833,Emma Watson
1834,Robin Weigert
1835,Kenny Wormald
1836,Rooney Mara
1837,Aaron Abrams
1838,Walter Quiroz
1839,Evan Glodell
1840,James Wilby
1841,Julia Stiles
1842,RÌ©my Girard
1843,Daniel Schlachet
1844,Britney Spears
1845,Leo Minaya
1846,Ai Kobayashi
1847,Alberto Sordi
1848,Benicio del Toro
1849,James Nesbitt
1850,Franca Mai
1851,Bel Powley
1852,Napoleon Ryan
1853,Craig Conway
1854,BjÌ¦rk
1855,Tina Fey
1856,Sarah Butler
1857,Ray Winstone
1858,Bruce Ramsay
1859,Bruno Ganz
1860,Chiara Mastroianni
1861,Ali Zafar
1862,Jeremy Sumpter
1863,Cathy Rigby
1864,Stacy Valentine
1865,Jacob Tierney
1866,Oleg Kulikovich
1867,Rick Moranis
1868,Suriya 
1869,Martijn Lakemeier
1870,Bill Hader
1871,Nia Long
1872,Carmen Maura
1873,Bob Newhart
1874,Ryan Reynolds
1875,Irene Bedard
1876,Billy Bob Thornton
1877,Richard Roundtree
1878,Sean Hayes
1879,Abhay Deol
1880,Sam Neill
1881,Peter Mullan
1882,Laura Dern
1883,Pamela Gidley
1884,Samantha King
1885,Royalty Hightower
1886,Sandy Dennis
1887,James Cromwell
1888,Tadanobu Asano
1889,Jennifer Love Hewitt
1890,Blythe Auffarth
1891,Haley Joel Osment
1892,Nivin Pauly
1893,Tiger Shroff
1894,Sean Bean
1895,Mitch Gaylord
1896,Deborah Harry
1897,Scott Adsit
1898,Peter Cook
1899,Dina Meyer
1900,Mickey Rourke
1901,Dakota Johnson
1902,Joe Dallesandro
1903,Val Kilmer
1904,Toshiaki Karasawa
1905,Natalie Dormer
1906,JÌ_rgen Vogel
1907,Jackie Chan
1908,Alexander Siddig
1909,Patricia Arquette
1910,Hayden Panettiere
1911,Michael Bonsignore
1912,Lennie Loftin
1913,Richard E. Grant
1914,Hulk Hogan
1915,Teodor Corban
1916,Vildan Atasever
1917,Tupac Amaru Shakur
1918,Van Williams
1919,Robert Carlyle
1920,Eric Bana
1921,Alycia Debnam-Carey
1922,Jason Ritter
1923,John Cho
1924,Bruno Corazzari
1925,Kristen Wiig
1926,Joe Pesci
1927,Cynthia Nixon
1928,Laura Linney
1929,Matt Dillon
1930,Jack Huston
1931,Brenda Blethyn
1932,James Frecheville
1933,Jon Gries
1934,Andrei Panin
1935,Victor Wong
1936,Sigourney Weaver
1937,Courtney B. Vance
1938,Gregory Hines
1939,Judith Hoag
1940,Elio Germano
1941,Clayton Moore
1942,Deborah Kerr
1943,Elizabeth Reaser
1944,Boris Kodjoe
1945,Rod Paradot
1946,Sasha Grey
1947,Jason Sudeikis
1948,Anna Friel
1949,Maggie Smith
1950,Denzel Washington
1951,Helene Costello
1952,Juliette Binoche
1953,Greg Evigan
1954,Trevor Morgan
1955,Cillian Murphy
1956,Hugh Jackman
1957,Oliver Reed
1958,Cher
1959,Dennis Quaid
1960,Kate Beckinsale
1961,John Cleese
1962,Jess Weixler
1963,Simon Rex
1964,Craig T. Nelson
1965,Chris Rock
1966,Megan Fox
1967,Bobby Campo
1968,Jeanne Crain
1969,Greg Speirs
1970,AgustÌ_n Silva
1971,Jung Jae-young
1972,Breckin Meyer
1973,"""Shaquille ONeal"""
1974,Rebecca Hall
1975,Tiffany Dupont
1976,Idris Elba
1977,E.G. Daily
1978,James Arnold Taylor
1979,Roddy McDowall
1980,Vanessa Hessler
1981,Carroll Baker
1982,Jack Holt
1983,Piper Perabo
1984,Jennifer Aniston
1985,Marisa Coughlan
1986,James Marshall
1987,Lee Marvin
1988,Fahadh Faasil
1989,Rebecca De Mornay
1990,Stanislav Boklan
1991,Jake Johnson
1992,Noah Hathaway
1993,Resmine Atis
1994,Hiroyuki Ikeuchi
1995,Nicholas Blandullo
1996,_Ò__Û_«_¡__ ___üà_üÝ
1997,Beau Bridges
1998,Charlotte Henry
1999,Camilla Belle
2000,David Boreanaz
2001,Igor Petrenko
2002,Murray Bartlett
2003,Jason James Richter
2004,Bruce Dern
2005,Brit Morgan
2006,Charles Bronson
2007,William Baldwin
2008,Jordan Ladd
2009,Jennifer Westfeldt
2010,Fionn Whitehead
2011,Takuya Kimura
2012,Cliff DeYoung
2013,May Clark
2014,Hayley Atwell
2015,Samuel L. Jackson
2016,Natalie Alyn Lind
2017,Diane Lane
2018,Michele Riondino
2019,Trevante Rhodes
2020,Alexander Nathan Etel
2021,"""Terry OQuinn"""
2022,Rupert Friend
2023,Bruce Payne
2024,Taylor Schilling
2025,Mark Frechette
2026,Geoffrey Rush
2027,Vincent Desagnat
2028,Kelly Macdonald
2029,Marco Leonardi
2030,Anton Shagin
2031,Andy Warhol
2032,Javier Bardem
2033,Viktor Mikhaylov
2034,BÌ©rÌ©nice Bejo
2035,Adelaide Clemens
2036,Scott Elrod
2037,Ellen Muth
2038,Cloris Leachman
2039,Nargess Mamizadeh
2040,Tom Kenny
2041,Sihung Lung
2042,Alfre Woodard
2043,"""Kieran OBrien"""
2044,Witney Carson
2045,Virginia Madsen
2046,Gabriel Byrne
2047,Bradford Dillman
2048,Sylvester Stallone
2049,Junichi Okada
2050,Michael Cera
2051,Jennifer Lawrence
2052,Baki Davrak
2053,Sergey Garmash
2054,Patrick Wayne
2055,Siddharth
2056,Gordon MacRae
2057,Adam Scott
2058,Madlen Dzhabrailova
2059,Vasily Stepanov
2060,Emily Blunt
2061,Birgitte Hjort SÌürensen
2062,Scott Adkins
2063,Donald Austin
2064,Mitch Cohen
2065,James Marsden
2066,"""Rickey DShon Collins"""
2067,Michael B. Jordan
2068,Lasse Kolsrud
2069,Adrian Rawlins
2070,Ricardo Meneses
2071,Paul Newman
2072,"""Qorianka Kilcher"""
2073,Jason Patric
2074,Judy Marte
2075,Teresa Palmer
2076,Amanda Peet
2077,Thomas Kretschmann
2078,Matthew Goode
2079,Aleksey Filimonov
2080,Espen Edvartsen
2081,Michael Murphy
2082,Erin Fisher
2083,Ron Livingston
2084,Nicole de Boer
2085,Justin Timberlake
2086,Alan Arkin
2087,Norm Macdonald
2088,Jonathan Cherry
2089,Levi Miller
2090,Daryl Sabara
2091,Catherine Deneuve
2092,Judy Garland
2093,Kane Hodder
2094,Joe Morton
2095,Jennifer Rubin
2096,Stephen Baldwin
2097,Raquel Welch
2098,Todd Field
2099,John Savage
2100,"""Brendan OCarroll"""
2101,Lamberto Maggiorani
2102,Jeremy Piven
2103,Ivan Okhlobystin
2104,Raoul Bova
2105,Walter Pidgeon
2106,June Ayers
2107,David Suchet
2108,Nicoletta Braschi
2109,Sergey Shakurov
2110,Rider Strong
2111,MaÌø Anh Le
2112,Jay Brazeau
2113,Frank Rautenbach
2114,Matt Johnson
2115,Louise Grinberg
2116,Presley Chweneyagae
2117,Joe Bishop
2118,Christopher Lloyd
2119,Masako Nozawa
2120,Valerio Mastandrea
2121,Garrett Hedlund
2122,Aaron Stanford
2123,Roman Wilhelmi
2124,William Brent
2125,Ben Silverstone
2126,Talia Zucker
2127,Brooke Shields
2128,Eminem
2129,Agniya Ditkovskite
2130,Ice Cube
2131,Ioan Gruffudd
2132,Zach Cregger
2133,Pat Morita
2134,Stephan James
2135,Carice van Houten
2136,Tommy Lee Jones
2137,Derek Hough
2138,Michael Rapaport
2139,Tony Goldwyn
2140,Ali MacGraw
2141,Haruhiko KatÌ«
2142,Joe Alwyn
2143,Paul Schneider
2144,Shirley MacLaine
2145,Ellen Burstyn
2146,Nancy Allen
2147,Warren Oates
2148,Gary Oldman
2149,Christopher Reid
2150,J. J. Feild
2151,Peter Paul
2152,Keira Knightley
2153,Danny Trejo
2154,Robin Bartlett
2155,Ben Gazzara
2156,Felicity Jones
2157,Ryosuke Watabe
2158,CÌ©cile de France
2159,ChloÌÇ Grace Moretz
2160,Craig Wasson
2161,Chris Sarandon
2162,Yul Brynner
2163,Keri Russell
2164,DÌ©sirÌ©e Nosbusch
2165,Ajith Kumar
2166,Ed Helms
2167,Mick Partridge
2168,Alexander SkarsgÌ´rd
2169,PenÌ©lope Cruz
2170,Jimmy Shergill
2171,Mohanlal
2172,Eli Marienthal
2173,Casper Van Dien
2174,Paul Kaye
2175,James Earl Jones
2176,Ken Takakura
2177,Melissa McCarthy
2178,Kate McNeil
2179,Michael Rennie
2180,Ricky Schroder
2181,Jim Caviezel
2182,Gene Kelly
2183,Piolo Pascual
2184,Mary Costa
2185,Pierce Brosnan
2186,Garance Marillier
2187,"""Dylan OBrien"""
2188,Rumer Willis
2189,Patrick Swayze
2190,Holly Hunter
2191,Christopher Reeve
2192,Richard Johnson
2193,Kevin Gage
2194,Jason Schwartzman
2195,Leonid Barats
2196,Chief Thundercloud
2197,Gene Tierney
2198,Dacre Montgomery
2199,Catherine Hicks
2200,Method Man
2201,Paula Patton
2202,David Emge
2203,Gary Busey
2204,Felicity Huffman
2205,Simon Chuckster
2206,David Dastmalchian
2207,Yang Ik-june
2208,Kristen Stewart
2209,Alec Baldwin
2210,Will Forte
2211,Anne-Marie Loop
2212,Harman Baweja
2213,Kinga Preis
2214,James Purefoy
2215,Tom Atkins
2216,Paul Gross
2217,Li Yu-Chun
2218,Eddie Garcia
2219,Pat OÛªBrien
2220,Jenna Dewan
2221,David Fandila
2222,Emily Deschanel
2223,James Karen
2224,Jim Cummings
2225,Shelley Hennig
2226,Tracey Ullman
2227,Jeff Speakman
2228,Priscilla C. Shirer
2229,Eddie Redmayne
2230,Kim Director
2231,Alden Ehrenreich
2232,Sydney Greenstreet
2233,Derek Luke
2234,Anupam Kher
2235,Patrick Macnee
2236,Cassidy Gifford
2237,Anne Dorval
2238,Liam Hemsworth
2239,Bruce Davison
2240,Simon Pegg
2241,Ben Browder
2242,Joel Courtney
2243,Liza Minnelli
2244,Juan JosÌ© Campanella
2245,Diane Kruger
2246,Dorothy Stratten
2247,AilÌ_n Salas
2248,Wang Baoqiang
2249,Christopher Toler
2250,Edie Falco
2251,Peter Cushing
2252,Patricia Tallman
2253,Guillaume Canet
2254,Daniel Wu
2255,James Blackwell
2256,Jurnee Smollett
2257,James Dean
2258,Anthony Anderson
2259,Marcello Mastroianni
2260,Adam Bousdoukos
2261,Tobias Menzies
2262,Tyler Perry
2263,Bai Baihe
2264,"""OShea Jackson Jr."""
2265,Christopher Severio
2266,Ray Romano
2267,Jennifer Lopez
2268,Rachel York
2269,Dylan McDermott
2270,Laura Ramsey
2271,Sergei Astahov
2272,Andy Rodoreda
2273,Michael Legge
2274,Sidney Poitier
2275,Ben Cross
2276,Kerwin Mathews
2277,Maggie Gyllenhaal
2278,Loreto Peralta
2279,Gene Barry
2280,Jeffrey Falcon
2281,Yusuke Iseya
2282,Fernanda Andrade
2283,Charlotte Roche
2284,James Corden
2285,Joey Lawrence
2286,Jodie Foster
2287,Ally Walker
2288,Rhona Mitra
2289,Sam Callis
2290,Lloyd Nolan
2291,Gabriel Damon
2292,Joanna David
2293,Thom Mathews
2294,Shahid Kapoor
2295,Ben Winchell
2296,Parker Stevenson
2297,Song Kang-ho
2298,Tom Felton
2299,Colin Friels
2300,Malin ÌÉkerman
2301,Andrey Muravyov
2302,Alison Elliott
2303,Agata Trzebuchowska
2304,Clint Eastwood
2305,Allison Hayes
2306,Arch Hall Jr.
2307,Zhao Wei
2308,Jake T. Austin
2309,Miles Teller
2310,Richard Pryor
2311,Clive Owen
2312,N!xau
2313,Kseniya Rappoport
2314,Jeff Goldblum
2315,Eli Roth
2316,Marcell Nagy
2317,Barry Pepper
2318,Kathy Bates
2319,Brian Keith Allen
2320,Ari Folman
2321,Charlie Trairat
2322,Dana Carvey
2323,Akira Terao
2324,Kate Bosworth
2325,Elena Lyadova
2326,Dakota Blue Richards
2327,Graciela Borges
2328,Kofi Ghanaba
2329,Elle Fanning
